id,main_topic,intent,question,answer,category,keywords,question_ms,question_en,question_zh,question_ta
1,"Lokasi Bilik Kelas, Makmal & Bangunan PUO",bangunan_blok_j,Apa yang ada di Blok J?,"Blok J terletak di Kampus B, di belakang Dewan Sri Kinta. Susun atur mengikut aras — Aras 1 (aras bawah): Stor Sukan, Bilik B004, Bilik Mesyuarat Blok J, Unit Kokurikulum, Sukan dan Kebudayaan; Aras 2: Bilik B102, Bilik B104, Bilik BK105, Bilik B106, Bilik B107, Bilik B108, TECC2; Aras 3: Bilik B202, Bilik B203, Bilik B204, Bilik B205; Aras 4: Bilik B301, Bilik B302.",Bangunan,"blok j, block j, dewan sri kinta, kampus b",,What is in the Blok J?,Blok J里有什么？,Blok J-இல் என்ன உள்ளது?
2,"Lokasi Bilik Kelas, Makmal & Bangunan PUO",bilik_stor_sukan,Di manakah Stor Sukan?,"Stor Sukan terletak di Aras 1, Blok J, di Kampus B, di belakang Dewan Sri Kinta.",Kemudahan,"stor sukan, sports store, blok j, block j, dewan sri kinta, kampus b",,Where is Stor Sukan?,Stor Sukan在哪里？,Stor Sukan எங்கே உள்ளது?
3,"Lokasi Bilik Kelas, Makmal & Bangunan PUO",bilik_bilik_b004,Di manakah Bilik B004?,"Bilik B004 terletak di Aras 1, Blok J, di Kampus B, di belakang Dewan Sri Kinta.",Bilik Kelas,"b004, blok j, block j, dewan sri kinta, kampus b",,Where is Bilik B004?,Bilik B004在哪里？,Bilik B004 எங்கே உள்ளது?
4,"Lokasi Bilik Kelas, Makmal & Bangunan PUO",bilik_bilik_mesyuarat_blok_j,Di manakah Bilik Mesyuarat Blok J?,"Bilik Mesyuarat Blok J terletak di Aras 1, Blok J, di Kampus B, di belakang Dewan Sri Kinta.",Kemudahan,"bilik mesyuarat, bilik meeting, blok j, block j, dewan sri kinta, kampus b",,Where is Bilik Mesyuarat Blok J?,Bilik Mesyuarat Blok J在哪里？,Bilik Mesyuarat Blok J எங்கே உள்ளது?
5,"Lokasi Bilik Kelas, Makmal & Bangunan PUO",bilik_unit_kokurikulum_sukan_dan_kebudayaan,"Di manakah Unit Kokurikulum, Sukan dan Kebudayaan?","Unit Kokurikulum, Sukan dan Kebudayaan terletak di Aras 1, Blok J, di Kampus B, di belakang Dewan Sri Kinta.",Kemudahan,"unit kokurikulum, sukan, kebudayaan, jskk, blok j, block j, dewan sri kinta, kampus b",,"Where is Unit Kokurikulum, Sukan dan Kebudayaan?","Unit Kokurikulum, Sukan dan Kebudayaan在哪里？","Unit Kokurikulum, Sukan dan Kebudayaan எங்கே உள்ளது?"
6,"Lokasi Bilik Kelas, Makmal & Bangunan PUO",bilik_bilik_b102,Di manakah Bilik B102?,"Bilik B102 terletak di Aras 2, Blok J, di Kampus B, di belakang Dewan Sri Kinta.",Bilik Kelas,"b102, blok j, block j, dewan sri kinta, kampus b",,Where is Bilik B102?,Bilik B102在哪里？,Bilik B102 எங்கே உள்ளது?
7,"Lokasi Bilik Kelas, Makmal & Bangunan PUO",bilik_bilik_b104,Di manakah Bilik B104?,"Bilik B104 terletak di Aras 2, Blok J, di Kampus B, di belakang Dewan Sri Kinta.",Bilik Kelas,"b104, blok j, block j, dewan sri kinta, kampus b",,Where is Bilik B104?,Bilik B104在哪里？,Bilik B104 எங்கே உள்ளது?
8,"Lokasi Bilik Kelas, Makmal & Bangunan PUO",bilik_bilik_bk105,Di manakah Bilik BK105?,"Bilik BK105 terletak di Aras 2, Blok J, di Kampus B, di belakang Dewan Sri Kinta.",Bilik Kelas,"bk105, b105, blok j, block j, dewan sri kinta, kampus b",,Where is Bilik BK105?,Bilik BK105在哪里？,Bilik BK105 எங்கே உள்ளது?
9,"Lokasi Bilik Kelas, Makmal & Bangunan PUO",bilik_bilik_b106,Di manakah Bilik B106?,"Bilik B106 terletak di Aras 2, Blok J, di Kampus B, di belakang Dewan Sri Kinta.",Bilik Kelas,"b106, blok j, block j, dewan sri kinta, kampus b",,Where is Bilik B106?,Bilik B106在哪里？,Bilik B106 எங்கே உள்ளது?
10,"Lokasi Bilik Kelas, Makmal & Bangunan PUO",bilik_bilik_b107,Di manakah Bilik B107?,"Bilik B107 terletak di Aras 2, Blok J, di Kampus B, di belakang Dewan Sri Kinta.",Bilik Kelas,"b107, blok j, block j, dewan sri kinta, kampus b",,Where is Bilik B107?,Bilik B107在哪里？,Bilik B107 எங்கே உள்ளது?
11,"Lokasi Bilik Kelas, Makmal & Bangunan PUO",bilik_bilik_b108,Di manakah Bilik B108?,"Bilik B108 terletak di Aras 2, Blok J, di Kampus B, di belakang Dewan Sri Kinta.",Bilik Kelas,"b108, blok j, block j, dewan sri kinta, kampus b",,Where is Bilik B108?,Bilik B108在哪里？,Bilik B108 எங்கே உள்ளது?
12,"Lokasi Bilik Kelas, Makmal & Bangunan PUO",bilik_tecc2,Di manakah TECC2?,"TECC2 terletak di Aras 2, Blok J, di Kampus B, di belakang Dewan Sri Kinta.",Bilik Kelas,"tecc2, tecc 2, blok j, block j, dewan sri kinta, kampus b",,Where is TECC2?,TECC2在哪里？,TECC2 எங்கே உள்ளது?
13,"Lokasi Bilik Kelas, Makmal & Bangunan PUO",bilik_bilik_b202,Di manakah Bilik B202?,"Bilik B202 terletak di Aras 3, Blok J, di Kampus B, di belakang Dewan Sri Kinta.",Bilik Kelas,"b202, blok j, block j, dewan sri kinta, kampus b",,Where is Bilik B202?,Bilik B202在哪里？,Bilik B202 எங்கே உள்ளது?
14,"Lokasi Bilik Kelas, Makmal & Bangunan PUO",bilik_bilik_b203,Di manakah Bilik B203?,"Bilik B203 terletak di Aras 3, Blok J, di Kampus B, di belakang Dewan Sri Kinta.",Bilik Kelas,"b203, blok j, block j, dewan sri kinta, kampus b",,Where is Bilik B203?,Bilik B203在哪里？,Bilik B203 எங்கே உள்ளது?
15,"Lokasi Bilik Kelas, Makmal & Bangunan PUO",bilik_bilik_b204,Di manakah Bilik B204?,"Bilik B204 terletak di Aras 3, Blok J, di Kampus B, di belakang Dewan Sri Kinta.",Bilik Kelas,"b204, blok j, block j, dewan sri kinta, kampus b",,Where is Bilik B204?,Bilik B204在哪里？,Bilik B204 எங்கே உள்ளது?
16,"Lokasi Bilik Kelas, Makmal & Bangunan PUO",bilik_bilik_b205,Di manakah Bilik B205?,"Bilik B205 terletak di Aras 3, Blok J, di Kampus B, di belakang Dewan Sri Kinta.",Bilik Kelas,"b205, blok j, block j, dewan sri kinta, kampus b",,Where is Bilik B205?,Bilik B205在哪里？,Bilik B205 எங்கே உள்ளது?
17,"Lokasi Bilik Kelas, Makmal & Bangunan PUO",bilik_bilik_b301,Di manakah Bilik B301?,"Bilik B301 terletak di Aras 4, Blok J, di Kampus B, di belakang Dewan Sri Kinta.",Bilik Kelas,"b301, blok j, block j, dewan sri kinta, kampus b",,Where is Bilik B301?,Bilik B301在哪里？,Bilik B301 எங்கே உள்ளது?
18,"Lokasi Bilik Kelas, Makmal & Bangunan PUO",bilik_bilik_b302,Di manakah Bilik B302?,"Bilik B302 terletak di Aras 4, Blok J, di Kampus B, di belakang Dewan Sri Kinta.",Bilik Kelas,"b302, blok j, block j, dewan sri kinta, kampus b",,Where is Bilik B302?,Bilik B302在哪里？,Bilik B302 எங்கே உள்ளது?
19,"Lokasi Bilik Kelas, Makmal & Bangunan PUO",bangunan_bangunan_m,"Apa yang ada di Bangunan Bilik Kuliah M (hadapan PolyBiz Mall, belakang JPA)?","Bangunan Bilik Kuliah M (hadapan PolyBiz Mall, belakang JPA) terletak di Kampus B, berhadapan PolyBiz Mall dan di belakang Jabatan Pengajian Am (JPA). Susun atur mengikut aras — Aras 1 (aras bawah): Makmal Apps 1, Makmal Apps 2, tandas pelajar; Aras 2: Bilik M201A, Bilik M201B, Bilik M202A, Bilik M202B, Bilik M203, Bilik M204, Bilik Kuliah JP (M205); Aras 3: Bilik M301, Bilik M302, Bilik M303, Bilik M304, Bilik M305, Bilik M306.",Bangunan,"bangunan m, polybiz mall, belakang jpa, jpa, pengajian am, kampus b",,"What is in the Bangunan Bilik Kuliah M (hadapan PolyBiz Mall, belakang JPA)?","Bangunan Bilik Kuliah M (hadapan PolyBiz Mall, belakang JPA)里有什么？","Bangunan Bilik Kuliah M (hadapan PolyBiz Mall, belakang JPA)-இல் என்ன உள்ளது?"
20,"Lokasi Bilik Kelas, Makmal & Bangunan PUO",bilik_makmal_apps_1,Di manakah Makmal Apps 1?,"Makmal Apps 1 terletak di Aras 1, Bangunan Bilik Kuliah M (hadapan PolyBiz Mall, belakang JPA), di Kampus B, berhadapan PolyBiz Mall dan di belakang Jabatan Pengajian Am (JPA).",Makmal,"makmal apps 1, apps1, apps 1, bangunan m, polybiz mall, belakang jpa, jpa, pengajian am, kampus b",,Where is Makmal Apps 1?,Makmal Apps 1在哪里？,Makmal Apps 1 எங்கே உள்ளது?
21,"Lokasi Bilik Kelas, Makmal & Bangunan PUO",bilik_makmal_apps_2,Di manakah Makmal Apps 2?,"Makmal Apps 2 terletak di Aras 1, Bangunan Bilik Kuliah M (hadapan PolyBiz Mall, belakang JPA), di Kampus B, berhadapan PolyBiz Mall dan di belakang Jabatan Pengajian Am (JPA).",Makmal,"makmal apps 2, apps2, apps 2, bangunan m, polybiz mall, belakang jpa, jpa, pengajian am, kampus b",,Where is Makmal Apps 2?,Makmal Apps 2在哪里？,Makmal Apps 2 எங்கே உள்ளது?
22,"Lokasi Bilik Kelas, Makmal & Bangunan PUO",bilik_bilik_m201a,Di manakah Bilik M201A?,"Bilik M201A terletak di Aras 2, Bangunan Bilik Kuliah M (hadapan PolyBiz Mall, belakang JPA), di Kampus B, berhadapan PolyBiz Mall dan di belakang Jabatan Pengajian Am (JPA).",Bilik Kelas,"m201a, m201 a, m201, bangunan m, polybiz mall, belakang jpa, jpa, pengajian am, kampus b",,Where is Bilik M201A?,Bilik M201A在哪里？,Bilik M201A எங்கே உள்ளது?
23,"Lokasi Bilik Kelas, Makmal & Bangunan PUO",bilik_bilik_m201b,Di manakah Bilik M201B?,"Bilik M201B terletak di Aras 2, Bangunan Bilik Kuliah M (hadapan PolyBiz Mall, belakang JPA), di Kampus B, berhadapan PolyBiz Mall dan di belakang Jabatan Pengajian Am (JPA).",Bilik Kelas,"m201b, m201 b, m201, bangunan m, polybiz mall, belakang jpa, jpa, pengajian am, kampus b",,Where is Bilik M201B?,Bilik M201B在哪里？,Bilik M201B எங்கே உள்ளது?
24,"Lokasi Bilik Kelas, Makmal & Bangunan PUO",bilik_bilik_m202a,Di manakah Bilik M202A?,"Bilik M202A terletak di Aras 2, Bangunan Bilik Kuliah M (hadapan PolyBiz Mall, belakang JPA), di Kampus B, berhadapan PolyBiz Mall dan di belakang Jabatan Pengajian Am (JPA).",Bilik Kelas,"m202a, m202 a, m202, bangunan m, polybiz mall, belakang jpa, jpa, pengajian am, kampus b",,Where is Bilik M202A?,Bilik M202A在哪里？,Bilik M202A எங்கே உள்ளது?
25,"Lokasi Bilik Kelas, Makmal & Bangunan PUO",bilik_bilik_m202b,Di manakah Bilik M202B?,"Bilik M202B terletak di Aras 2, Bangunan Bilik Kuliah M (hadapan PolyBiz Mall, belakang JPA), di Kampus B, berhadapan PolyBiz Mall dan di belakang Jabatan Pengajian Am (JPA).",Bilik Kelas,"m202b, m202 b, m202, bangunan m, polybiz mall, belakang jpa, jpa, pengajian am, kampus b",,Where is Bilik M202B?,Bilik M202B在哪里？,Bilik M202B எங்கே உள்ளது?
26,"Lokasi Bilik Kelas, Makmal & Bangunan PUO",bilik_bilik_m203,Di manakah Bilik M203?,"Bilik M203 terletak di Aras 2, Bangunan Bilik Kuliah M (hadapan PolyBiz Mall, belakang JPA), di Kampus B, berhadapan PolyBiz Mall dan di belakang Jabatan Pengajian Am (JPA).",Bilik Kelas,"m203, bangunan m, polybiz mall, belakang jpa, jpa, pengajian am, kampus b",,Where is Bilik M203?,Bilik M203在哪里？,Bilik M203 எங்கே உள்ளது?
27,"Lokasi Bilik Kelas, Makmal & Bangunan PUO",bilik_bilik_m204,Di manakah Bilik M204?,"Bilik M204 terletak di Aras 2, Bangunan Bilik Kuliah M (hadapan PolyBiz Mall, belakang JPA), di Kampus B, berhadapan PolyBiz Mall dan di belakang Jabatan Pengajian Am (JPA).",Bilik Kelas,"m204, bangunan m, polybiz mall, belakang jpa, jpa, pengajian am, kampus b",,Where is Bilik M204?,Bilik M204在哪里？,Bilik M204 எங்கே உள்ளது?
28,"Lokasi Bilik Kelas, Makmal & Bangunan PUO",bilik_bilik_kuliah_jp_m205,Di manakah Bilik Kuliah JP (M205)?,"Bilik Kuliah JP (M205) terletak di Aras 2, Bangunan Bilik Kuliah M (hadapan PolyBiz Mall, belakang JPA), di Kampus B, berhadapan PolyBiz Mall dan di belakang Jabatan Pengajian Am (JPA).",Bilik Kelas,"m205, bilik kuliah jp, jp, bangunan m, polybiz mall, belakang jpa, jpa, pengajian am, kampus b",,Where is Bilik Kuliah JP (M205)?,Bilik Kuliah JP (M205)在哪里？,Bilik Kuliah JP (M205) எங்கே உள்ளது?
29,"Lokasi Bilik Kelas, Makmal & Bangunan PUO",bilik_bilik_m301,Di manakah Bilik M301?,"Bilik M301 terletak di Aras 3, Bangunan Bilik Kuliah M (hadapan PolyBiz Mall, belakang JPA), di Kampus B, berhadapan PolyBiz Mall dan di belakang Jabatan Pengajian Am (JPA).",Bilik Kelas,"m301, bangunan m, polybiz mall, belakang jpa, jpa, pengajian am, kampus b",,Where is Bilik M301?,Bilik M301在哪里？,Bilik M301 எங்கே உள்ளது?
30,"Lokasi Bilik Kelas, Makmal & Bangunan PUO",bilik_bilik_m302,Di manakah Bilik M302?,"Bilik M302 terletak di Aras 3, Bangunan Bilik Kuliah M (hadapan PolyBiz Mall, belakang JPA), di Kampus B, berhadapan PolyBiz Mall dan di belakang Jabatan Pengajian Am (JPA).",Bilik Kelas,"m302, bangunan m, polybiz mall, belakang jpa, jpa, pengajian am, kampus b",,Where is Bilik M302?,Bilik M302在哪里？,Bilik M302 எங்கே உள்ளது?
31,"Lokasi Bilik Kelas, Makmal & Bangunan PUO",bilik_bilik_m303,Di manakah Bilik M303?,"Bilik M303 terletak di Aras 3, Bangunan Bilik Kuliah M (hadapan PolyBiz Mall, belakang JPA), di Kampus B, berhadapan PolyBiz Mall dan di belakang Jabatan Pengajian Am (JPA).",Bilik Kelas,"m303, bangunan m, polybiz mall, belakang jpa, jpa, pengajian am, kampus b",,Where is Bilik M303?,Bilik M303在哪里？,Bilik M303 எங்கே உள்ளது?
32,"Lokasi Bilik Kelas, Makmal & Bangunan PUO",bilik_bilik_m304,Di manakah Bilik M304?,"Bilik M304 terletak di Aras 3, Bangunan Bilik Kuliah M (hadapan PolyBiz Mall, belakang JPA), di Kampus B, berhadapan PolyBiz Mall dan di belakang Jabatan Pengajian Am (JPA).",Bilik Kelas,"m304, bangunan m, polybiz mall, belakang jpa, jpa, pengajian am, kampus b",,Where is Bilik M304?,Bilik M304在哪里？,Bilik M304 எங்கே உள்ளது?
33,"Lokasi Bilik Kelas, Makmal & Bangunan PUO",bilik_bilik_m305,Di manakah Bilik M305?,"Bilik M305 terletak di Aras 3, Bangunan Bilik Kuliah M (hadapan PolyBiz Mall, belakang JPA), di Kampus B, berhadapan PolyBiz Mall dan di belakang Jabatan Pengajian Am (JPA).",Bilik Kelas,"m305, bangunan m, polybiz mall, belakang jpa, jpa, pengajian am, kampus b",,Where is Bilik M305?,Bilik M305在哪里？,Bilik M305 எங்கே உள்ளது?
34,"Lokasi Bilik Kelas, Makmal & Bangunan PUO",bilik_bilik_m306,Di manakah Bilik M306?,"Bilik M306 terletak di Aras 3, Bangunan Bilik Kuliah M (hadapan PolyBiz Mall, belakang JPA), di Kampus B, berhadapan PolyBiz Mall dan di belakang Jabatan Pengajian Am (JPA).",Bilik Kelas,"m306, bangunan m, polybiz mall, belakang jpa, jpa, pengajian am, kampus b",,Where is Bilik M306?,Bilik M306在哪里？,Bilik M306 எங்கே உள்ளது?
35,"Lokasi Bilik Kelas, Makmal & Bangunan PUO",bangunan_senibina,Apa yang ada di Bangunan Seni Bina (JKA)?,"Bangunan Seni Bina (JKA) terletak di Kampus B (untuk pelajar seni bina JKA). Susun atur mengikut aras — Aras 1 (aras bawah): Bilik Kelab Seni Bina JKA, Studio 1 Seni Bina, Studio 2 Seni Bina, Studio 3 Seni Bina; Aras 2: Architecture Lab, VR Lab, Studio 4 Seni Bina; Aras 3: Smart Classroom Seni Bina, Bilik Projek Seni Bina, Pejabat Seni Bina (staf sahaja).",Bangunan,"seni bina, senibina, architecture, jka, studio, kampus b",,What is in the Bangunan Seni Bina (JKA)?,Bangunan Seni Bina (JKA)里有什么？,Bangunan Seni Bina (JKA)-இல் என்ன உள்ளது?
36,"Lokasi Bilik Kelas, Makmal & Bangunan PUO",bilik_bilik_kelab_seni_bina_jka,Di manakah Bilik Kelab Seni Bina JKA?,"Bilik Kelab Seni Bina JKA terletak di Aras 1, Bangunan Seni Bina (JKA), di Kampus B (untuk pelajar seni bina JKA).",Makmal,"kelab senibina, kelab seni bina, seni bina, senibina, architecture, jka, studio, kampus b",,Where is Bilik Kelab Seni Bina JKA?,Bilik Kelab Seni Bina JKA在哪里？,Bilik Kelab Seni Bina JKA எங்கே உள்ளது?
37,"Lokasi Bilik Kelas, Makmal & Bangunan PUO",bilik_studio_1_seni_bina,Di manakah Studio 1 Seni Bina?,"Studio 1 Seni Bina terletak di Aras 1, Bangunan Seni Bina (JKA), di Kampus B (untuk pelajar seni bina JKA).",Makmal,"studio 1, seni bina, senibina, architecture, jka, studio, kampus b",,Where is Studio 1 Seni Bina?,Studio 1 Seni Bina在哪里？,Studio 1 Seni Bina எங்கே உள்ளது?
38,"Lokasi Bilik Kelas, Makmal & Bangunan PUO",bilik_studio_2_seni_bina,Di manakah Studio 2 Seni Bina?,"Studio 2 Seni Bina terletak di Aras 1, Bangunan Seni Bina (JKA), di Kampus B (untuk pelajar seni bina JKA).",Makmal,"studio 2, seni bina, senibina, architecture, jka, studio, kampus b",,Where is Studio 2 Seni Bina?,Studio 2 Seni Bina在哪里？,Studio 2 Seni Bina எங்கே உள்ளது?
39,"Lokasi Bilik Kelas, Makmal & Bangunan PUO",bilik_studio_3_seni_bina,Di manakah Studio 3 Seni Bina?,"Studio 3 Seni Bina terletak di Aras 1, Bangunan Seni Bina (JKA), di Kampus B (untuk pelajar seni bina JKA).",Makmal,"studio 3, seni bina, senibina, architecture, jka, studio, kampus b",,Where is Studio 3 Seni Bina?,Studio 3 Seni Bina在哪里？,Studio 3 Seni Bina எங்கே உள்ளது?
40,"Lokasi Bilik Kelas, Makmal & Bangunan PUO",bilik_architecture_lab,Di manakah Architecture Lab?,"Architecture Lab terletak di Aras 2, Bangunan Seni Bina (JKA), di Kampus B (untuk pelajar seni bina JKA).",Makmal,"architecture lab, makmal seni bina, seni bina, senibina, architecture, jka, studio, kampus b",,Where is Architecture Lab?,Architecture Lab在哪里？,Architecture Lab எங்கே உள்ளது?
41,"Lokasi Bilik Kelas, Makmal & Bangunan PUO",bilik_vr_lab,Di manakah VR Lab?,"VR Lab terletak di Aras 2, Bangunan Seni Bina (JKA), di Kampus B (untuk pelajar seni bina JKA).",Makmal,"vr lab, makmal vr, virtual reality, seni bina, senibina, architecture, jka, studio, kampus b",,Where is VR Lab?,VR Lab在哪里？,VR Lab எங்கே உள்ளது?
42,"Lokasi Bilik Kelas, Makmal & Bangunan PUO",bilik_studio_4_seni_bina,Di manakah Studio 4 Seni Bina?,"Studio 4 Seni Bina terletak di Aras 2, Bangunan Seni Bina (JKA), di Kampus B (untuk pelajar seni bina JKA).",Makmal,"studio 4, seni bina, senibina, architecture, jka, studio, kampus b",,Where is Studio 4 Seni Bina?,Studio 4 Seni Bina在哪里？,Studio 4 Seni Bina எங்கே உள்ளது?
43,"Lokasi Bilik Kelas, Makmal & Bangunan PUO",bilik_smart_classroom_seni_bina,Di manakah Smart Classroom Seni Bina?,"Smart Classroom Seni Bina terletak di Aras 3, Bangunan Seni Bina (JKA), di Kampus B (untuk pelajar seni bina JKA).",Bilik Kelas,"smart classroom, kelas pintar, seni bina, senibina, architecture, jka, studio, kampus b",,Where is Smart Classroom Seni Bina?,Smart Classroom Seni Bina在哪里？,Smart Classroom Seni Bina எங்கே உள்ளது?
44,"Lokasi Bilik Kelas, Makmal & Bangunan PUO",bilik_bilik_projek_seni_bina,Di manakah Bilik Projek Seni Bina?,"Bilik Projek Seni Bina terletak di Aras 3, Bangunan Seni Bina (JKA), di Kampus B (untuk pelajar seni bina JKA).",Kemudahan,"bilik projek senibina, seni bina, senibina, architecture, jka, studio, kampus b",,Where is Bilik Projek Seni Bina?,Bilik Projek Seni Bina在哪里？,Bilik Projek Seni Bina எங்கே உள்ளது?
45,"Lokasi Bilik Kelas, Makmal & Bangunan PUO",bilik_pejabat_seni_bina_staf_sahaja,Di manakah Pejabat Seni Bina (staf sahaja)?,"Pejabat Seni Bina (staf sahaja) terletak di Aras 3, Bangunan Seni Bina (JKA), di Kampus B (untuk pelajar seni bina JKA).",Kemudahan,"pejabat senibina, pejabat seni bina, seni bina, senibina, architecture, jka, studio, kampus b",,Where is Pejabat Seni Bina (staf sahaja)?,Pejabat Seni Bina (staf sahaja)在哪里？,Pejabat Seni Bina (staf sahaja) எங்கே உள்ளது?
46,"Lokasi Bilik Kelas, Makmal & Bangunan PUO",bangunan_jtmk,Apa yang ada di Bangunan Jabatan Teknologi Maklumat dan Komunikasi (JTMK)?,"Bangunan Jabatan Teknologi Maklumat dan Komunikasi (JTMK) terletak berhadapan Kantin/Cafe B. Susun atur mengikut aras — Aras 1 (aras bawah): Bilik Kelab Apple, Makmal CNW1, Makmal CSD, Dewan Kuliah JTMK, Unit Psikologi (JTMK), tandas lelaki pelajar; Aras 2: Makmal CNW2, Makmal Hypermedia 1, Bilik Server ICT, Staff Room Level 2 (1), Staff Room Level 2 (2), Exam Unit (L2); Aras 3: Makmal Hypermedia 2, Makmal Projek JTMK, Bilik Seminar JTMK, Pejabat Ketua ICT, Staff Room Level 3 (1B), pantri.",Bangunan,"jtmk, bangunan jtmk, it, ict",,What is in the Bangunan Jabatan Teknologi Maklumat dan Komunikasi (JTMK)?,Bangunan Jabatan Teknologi Maklumat dan Komunikasi (JTMK)里有什么？,Bangunan Jabatan Teknologi Maklumat dan Komunikasi (JTMK)-இல் என்ன உள்ளது?
47,"Lokasi Bilik Kelas, Makmal & Bangunan PUO",bilik_bilik_kelab_apple,Di manakah Bilik Kelab Apple?,"Bilik Kelab Apple terletak di Aras 1, Bangunan Jabatan Teknologi Maklumat dan Komunikasi (JTMK), berhadapan Kantin/Cafe B.",Makmal,"kelab apple, apple club, jtmk, bangunan jtmk, it, ict",,Where is Bilik Kelab Apple?,Bilik Kelab Apple在哪里？,Bilik Kelab Apple எங்கே உள்ளது?
48,"Lokasi Bilik Kelas, Makmal & Bangunan PUO",bilik_makmal_cnw1,Di manakah Makmal CNW1?,"Makmal CNW1 terletak di Aras 1, Bangunan Jabatan Teknologi Maklumat dan Komunikasi (JTMK), berhadapan Kantin/Cafe B.",Makmal,"cnw1, cnw 1, jtmk, bangunan jtmk, it, ict",,Where is Makmal CNW1?,Makmal CNW1在哪里？,Makmal CNW1 எங்கே உள்ளது?
49,"Lokasi Bilik Kelas, Makmal & Bangunan PUO",bilik_makmal_csd,Di manakah Makmal CSD?,"Makmal CSD terletak di Aras 1, Bangunan Jabatan Teknologi Maklumat dan Komunikasi (JTMK), berhadapan Kantin/Cafe B.",Makmal,"csd, makmal csd, jtmk, bangunan jtmk, it, ict",,Where is Makmal CSD?,Makmal CSD在哪里？,Makmal CSD எங்கே உள்ளது?
50,"Lokasi Bilik Kelas, Makmal & Bangunan PUO",bilik_dewan_kuliah_jtmk,Di manakah Dewan Kuliah JTMK?,"Dewan Kuliah JTMK terletak di Aras 1, Bangunan Jabatan Teknologi Maklumat dan Komunikasi (JTMK), berhadapan Kantin/Cafe B.",Bilik Kelas,"dewan kuliah jtmk, dk jtmk, jtmk, bangunan jtmk, it, ict",,Where is Dewan Kuliah JTMK?,Dewan Kuliah JTMK在哪里？,Dewan Kuliah JTMK எங்கே உள்ளது?
51,"Lokasi Bilik Kelas, Makmal & Bangunan PUO",bilik_unit_psikologi_jtmk,Di manakah Unit Psikologi (JTMK)?,"Unit Psikologi (JTMK) terletak di Aras 1, Bangunan Jabatan Teknologi Maklumat dan Komunikasi (JTMK), berhadapan Kantin/Cafe B.",Kemudahan,"psychology unit jtmk, unit psikologi jtmk, jtmk, bangunan jtmk, it, ict",,Where is Unit Psikologi (JTMK)?,Unit Psikologi (JTMK)在哪里？,Unit Psikologi (JTMK) எங்கே உள்ளது?
52,"Lokasi Bilik Kelas, Makmal & Bangunan PUO",bilik_makmal_cnw2,Di manakah Makmal CNW2?,"Makmal CNW2 terletak di Aras 2, Bangunan Jabatan Teknologi Maklumat dan Komunikasi (JTMK), berhadapan Kantin/Cafe B.",Makmal,"cnw2, cnw 2, jtmk, bangunan jtmk, it, ict",,Where is Makmal CNW2?,Makmal CNW2在哪里？,Makmal CNW2 எங்கே உள்ளது?
53,"Lokasi Bilik Kelas, Makmal & Bangunan PUO",bilik_makmal_hypermedia_1,Di manakah Makmal Hypermedia 1?,"Makmal Hypermedia 1 terletak di Aras 2, Bangunan Jabatan Teknologi Maklumat dan Komunikasi (JTMK), berhadapan Kantin/Cafe B.",Makmal,"hypermedia 1, makmal hypermedia, jtmk, bangunan jtmk, it, ict",,Where is Makmal Hypermedia 1?,Makmal Hypermedia 1在哪里？,Makmal Hypermedia 1 எங்கே உள்ளது?
54,"Lokasi Bilik Kelas, Makmal & Bangunan PUO",bilik_bilik_server_ict,Di manakah Bilik Server ICT?,"Bilik Server ICT terletak di Aras 2, Bangunan Jabatan Teknologi Maklumat dan Komunikasi (JTMK), berhadapan Kantin/Cafe B.",Kemudahan,"server room, bilik server, ict server, jtmk, bangunan jtmk, it, ict",,Where is Bilik Server ICT?,Bilik Server ICT在哪里？,Bilik Server ICT எங்கே உள்ளது?
55,"Lokasi Bilik Kelas, Makmal & Bangunan PUO",bilik_makmal_hypermedia_2,Di manakah Makmal Hypermedia 2?,"Makmal Hypermedia 2 terletak di Aras 3, Bangunan Jabatan Teknologi Maklumat dan Komunikasi (JTMK), berhadapan Kantin/Cafe B.",Makmal,"hypermedia 2, makmal hypermedia, jtmk, bangunan jtmk, it, ict",,Where is Makmal Hypermedia 2?,Makmal Hypermedia 2在哪里？,Makmal Hypermedia 2 எங்கே உள்ளது?
56,"Lokasi Bilik Kelas, Makmal & Bangunan PUO",bilik_makmal_projek_jtmk,Di manakah Makmal Projek JTMK?,"Makmal Projek JTMK terletak di Aras 3, Bangunan Jabatan Teknologi Maklumat dan Komunikasi (JTMK), berhadapan Kantin/Cafe B.",Makmal,"makmal projek, makmal project, jtmk, bangunan jtmk, it, ict",,Where is Makmal Projek JTMK?,Makmal Projek JTMK在哪里？,Makmal Projek JTMK எங்கே உள்ளது?
57,"Lokasi Bilik Kelas, Makmal & Bangunan PUO",bilik_bilik_seminar_jtmk,Di manakah Bilik Seminar JTMK?,"Bilik Seminar JTMK terletak di Aras 3, Bangunan Jabatan Teknologi Maklumat dan Komunikasi (JTMK), berhadapan Kantin/Cafe B.",Kemudahan,"bilik seminar, jtmk, bangunan jtmk, it, ict",,Where is Bilik Seminar JTMK?,Bilik Seminar JTMK在哪里？,Bilik Seminar JTMK எங்கே உள்ளது?
58,"Lokasi Bilik Kelas, Makmal & Bangunan PUO",bilik_pejabat_ketua_ict,Di manakah Pejabat Ketua ICT?,"Pejabat Ketua ICT terletak di Aras 3, Bangunan Jabatan Teknologi Maklumat dan Komunikasi (JTMK), berhadapan Kantin/Cafe B.",Kemudahan,"head of ict, ketua ict, jtmk, bangunan jtmk, it, ict",,Where is Pejabat Ketua ICT?,Pejabat Ketua ICT在哪里？,Pejabat Ketua ICT எங்கே உள்ளது?
59,"Lokasi Bilik Kelas, Makmal & Bangunan PUO",bangunan_asasi_tvet,Apa yang ada di Bangunan Asasi TVET?,"Bangunan Asasi TVET terletak bersebelahan Bangunan JKA (Kampus A). Susun atur mengikut aras — Aras 1 (aras bawah): Bilik BK1 (Asasi), Bilik BK2 (Asasi), Bilik BK3 (Asasi), Bilik BK4 (Asasi), Bilik BK5 (Asasi), Unit Teknologi Maklumat (UTM); Aras 2: Makmal APDV 1, Makmal APDV 2, Makmal APDV 3, Makmal APDV 4; Aras 3: Makmal IT 1, Makmal IT 2, Makmal IT 3, Bilik BK6 (Asasi); Aras 4: GCL 1, GCL 2, GCL 3, Makmal CNW3.",Bangunan,"asasi, asasi tvet, bangunan asasi, tvet",,What is in the Bangunan Asasi TVET?,Bangunan Asasi TVET里有什么？,Bangunan Asasi TVET-இல் என்ன உள்ளது?
60,"Lokasi Bilik Kelas, Makmal & Bangunan PUO",bilik_bilik_bk1_asasi,Di manakah Bilik BK1 (Asasi)?,"Bilik BK1 (Asasi) terletak di Aras 1, Bangunan Asasi TVET, bersebelahan Bangunan JKA (Kampus A).",Bilik Kelas,"bk1 asasi, asasi, asasi tvet, bangunan asasi, tvet",,Where is Bilik BK1 (Asasi)?,Bilik BK1 (Asasi)在哪里？,Bilik BK1 (Asasi) எங்கே உள்ளது?
61,"Lokasi Bilik Kelas, Makmal & Bangunan PUO",bilik_bilik_bk2_asasi,Di manakah Bilik BK2 (Asasi)?,"Bilik BK2 (Asasi) terletak di Aras 1, Bangunan Asasi TVET, bersebelahan Bangunan JKA (Kampus A).",Bilik Kelas,"bk2, bk 2, asasi, asasi tvet, bangunan asasi, tvet",,Where is Bilik BK2 (Asasi)?,Bilik BK2 (Asasi)在哪里？,Bilik BK2 (Asasi) எங்கே உள்ளது?
62,"Lokasi Bilik Kelas, Makmal & Bangunan PUO",bilik_bilik_bk3_asasi,Di manakah Bilik BK3 (Asasi)?,"Bilik BK3 (Asasi) terletak di Aras 1, Bangunan Asasi TVET, bersebelahan Bangunan JKA (Kampus A).",Bilik Kelas,"bk3, bk 3, asasi, asasi tvet, bangunan asasi, tvet",,Where is Bilik BK3 (Asasi)?,Bilik BK3 (Asasi)在哪里？,Bilik BK3 (Asasi) எங்கே உள்ளது?
63,"Lokasi Bilik Kelas, Makmal & Bangunan PUO",bilik_bilik_bk4_asasi,Di manakah Bilik BK4 (Asasi)?,"Bilik BK4 (Asasi) terletak di Aras 1, Bangunan Asasi TVET, bersebelahan Bangunan JKA (Kampus A).",Bilik Kelas,"bk4 asasi, asasi, asasi tvet, bangunan asasi, tvet",,Where is Bilik BK4 (Asasi)?,Bilik BK4 (Asasi)在哪里？,Bilik BK4 (Asasi) எங்கே உள்ளது?
64,"Lokasi Bilik Kelas, Makmal & Bangunan PUO",bilik_bilik_bk5_asasi,Di manakah Bilik BK5 (Asasi)?,"Bilik BK5 (Asasi) terletak di Aras 1, Bangunan Asasi TVET, bersebelahan Bangunan JKA (Kampus A).",Bilik Kelas,"bk5 asasi, asasi, asasi tvet, bangunan asasi, tvet",,Where is Bilik BK5 (Asasi)?,Bilik BK5 (Asasi)在哪里？,Bilik BK5 (Asasi) எங்கே உள்ளது?
65,"Lokasi Bilik Kelas, Makmal & Bangunan PUO",bilik_unit_teknologi_maklumat_utm,Di manakah Unit Teknologi Maklumat (UTM)?,"Unit Teknologi Maklumat (UTM) terletak di Aras 1, Bangunan Asasi TVET, bersebelahan Bangunan JKA (Kampus A).",Kemudahan,"utm, unit teknologi maklumat, unit it, asasi, asasi tvet, bangunan asasi, tvet",,Where is Unit Teknologi Maklumat (UTM)?,Unit Teknologi Maklumat (UTM)在哪里？,Unit Teknologi Maklumat (UTM) எங்கே உள்ளது?
66,"Lokasi Bilik Kelas, Makmal & Bangunan PUO",bilik_makmal_apdv_1,Di manakah Makmal APDV 1?,"Makmal APDV 1 terletak di Aras 2, Bangunan Asasi TVET, bersebelahan Bangunan JKA (Kampus A).",Makmal,"apdv1, apdv 1, asasi, asasi tvet, bangunan asasi, tvet",,Where is Makmal APDV 1?,Makmal APDV 1在哪里？,Makmal APDV 1 எங்கே உள்ளது?
67,"Lokasi Bilik Kelas, Makmal & Bangunan PUO",bilik_makmal_apdv_2,Di manakah Makmal APDV 2?,"Makmal APDV 2 terletak di Aras 2, Bangunan Asasi TVET, bersebelahan Bangunan JKA (Kampus A).",Makmal,"apdv2, apdv 2, asasi, asasi tvet, bangunan asasi, tvet",,Where is Makmal APDV 2?,Makmal APDV 2在哪里？,Makmal APDV 2 எங்கே உள்ளது?
68,"Lokasi Bilik Kelas, Makmal & Bangunan PUO",bilik_makmal_apdv_3,Di manakah Makmal APDV 3?,"Makmal APDV 3 terletak di Aras 2, Bangunan Asasi TVET, bersebelahan Bangunan JKA (Kampus A).",Makmal,"apdv3, apdv 3, asasi, asasi tvet, bangunan asasi, tvet",,Where is Makmal APDV 3?,Makmal APDV 3在哪里？,Makmal APDV 3 எங்கே உள்ளது?
69,"Lokasi Bilik Kelas, Makmal & Bangunan PUO",bilik_makmal_apdv_4,Di manakah Makmal APDV 4?,"Makmal APDV 4 terletak di Aras 2, Bangunan Asasi TVET, bersebelahan Bangunan JKA (Kampus A).",Makmal,"apdv4, apdv 4, asasi, asasi tvet, bangunan asasi, tvet",,Where is Makmal APDV 4?,Makmal APDV 4在哪里？,Makmal APDV 4 எங்கே உள்ளது?
70,"Lokasi Bilik Kelas, Makmal & Bangunan PUO",bilik_makmal_it_1,Di manakah Makmal IT 1?,"Makmal IT 1 terletak di Aras 3, Bangunan Asasi TVET, bersebelahan Bangunan JKA (Kampus A).",Makmal,"it1, it 1, makmal it, asasi, asasi tvet, bangunan asasi, tvet",,Where is Makmal IT 1?,Makmal IT 1在哪里？,Makmal IT 1 எங்கே உள்ளது?
71,"Lokasi Bilik Kelas, Makmal & Bangunan PUO",bilik_makmal_it_2,Di manakah Makmal IT 2?,"Makmal IT 2 terletak di Aras 3, Bangunan Asasi TVET, bersebelahan Bangunan JKA (Kampus A).",Makmal,"it2, it 2, makmal it, asasi, asasi tvet, bangunan asasi, tvet",,Where is Makmal IT 2?,Makmal IT 2在哪里？,Makmal IT 2 எங்கே உள்ளது?
72,"Lokasi Bilik Kelas, Makmal & Bangunan PUO",bilik_makmal_it_3,Di manakah Makmal IT 3?,"Makmal IT 3 terletak di Aras 3, Bangunan Asasi TVET, bersebelahan Bangunan JKA (Kampus A).",Makmal,"it3, it 3, makmal it, asasi, asasi tvet, bangunan asasi, tvet",,Where is Makmal IT 3?,Makmal IT 3在哪里？,Makmal IT 3 எங்கே உள்ளது?
73,"Lokasi Bilik Kelas, Makmal & Bangunan PUO",bilik_bilik_bk6_asasi,Di manakah Bilik BK6 (Asasi)?,"Bilik BK6 (Asasi) terletak di Aras 3, Bangunan Asasi TVET, bersebelahan Bangunan JKA (Kampus A).",Bilik Kelas,"bk6 asasi, asasi, asasi tvet, bangunan asasi, tvet",,Where is Bilik BK6 (Asasi)?,Bilik BK6 (Asasi)在哪里？,Bilik BK6 (Asasi) எங்கே உள்ளது?
74,"Lokasi Bilik Kelas, Makmal & Bangunan PUO",bilik_gcl_1,Di manakah GCL 1?,"GCL 1 terletak di Aras 4, Bangunan Asasi TVET, bersebelahan Bangunan JKA (Kampus A).",Makmal,"gcl1, gcl 1, gcl, asasi, asasi tvet, bangunan asasi, tvet",,Where is GCL 1?,GCL 1在哪里？,GCL 1 எங்கே உள்ளது?
75,"Lokasi Bilik Kelas, Makmal & Bangunan PUO",bilik_gcl_2,Di manakah GCL 2?,"GCL 2 terletak di Aras 4, Bangunan Asasi TVET, bersebelahan Bangunan JKA (Kampus A).",Makmal,"gcl2, gcl 2, gcl, asasi, asasi tvet, bangunan asasi, tvet",,Where is GCL 2?,GCL 2在哪里？,GCL 2 எங்கே உள்ளது?
76,"Lokasi Bilik Kelas, Makmal & Bangunan PUO",bilik_gcl_3,Di manakah GCL 3?,"GCL 3 terletak di Aras 4, Bangunan Asasi TVET, bersebelahan Bangunan JKA (Kampus A).",Makmal,"gcl3, gcl 3, gcl, asasi, asasi tvet, bangunan asasi, tvet",,Where is GCL 3?,GCL 3在哪里？,GCL 3 எங்கே உள்ளது?
77,"Lokasi Bilik Kelas, Makmal & Bangunan PUO",bilik_makmal_cnw3,Di manakah Makmal CNW3?,"Makmal CNW3 terletak di Aras 4, Bangunan Asasi TVET, bersebelahan Bangunan JKA (Kampus A).",Makmal,"cnw3, cnw 3, asasi, asasi tvet, bangunan asasi, tvet",,Where is Makmal CNW3?,Makmal CNW3在哪里？,Makmal CNW3 எங்கே உள்ளது?
78,"Lokasi Bilik Kelas, Makmal & Bangunan PUO",bangunan_jka,Apa yang ada di Bangunan Jabatan Kejuruteraan Awam (JKA)?,"Bangunan Jabatan Kejuruteraan Awam (JKA) terletak di Kampus A, bersebelahan Bangunan Asasi TVET dan berhadapan Dewan Kuliah JKA. Susun atur mengikut aras — Aras 1 (aras bawah): Bilik Kuliah B1 (JKA), Bilik A2 (JKA), Bilik Kuliah B3 (JKA), Bilik Kuliah B4 (JKA), Bilik Kuliah B5 (JKA), Makmal Geomatik (G15), Engineering Science Lab 1, Engineering Science Lab 2, Makmal Pembuatan, Sudut Seni PUO, Surau Pegawai (JKA), stor kewangan, bilik pembantu tadbir, tandas pelajar; Aras 2: Makmal CADD (JKM), Makmal Komputer JKA A12 (AVA), Hybrid Classroom A13, Bilik A14 (JKA), Bilik A15 (JKA), Bilik A16 (JKA), Bilik B11 (JKA), Bilik B12 (JKA), Bilik B13 (JKA), Bilik B14 (JKA), Bilik B15 (JKA), Bilik B16 (JKA), Pejabat Kuliah B17 (JKA); Aras 3: Bilik A21 (JKA), Bilik A22 (JKA), Bilik A23 (JKA), Bilik A24 (JKA), Bilik A25 (JKA), Bilik A26 (JKA), Bilik A27 (JKA), Bilik B21 (JKA), Bilik B22 (JKA), Bilik B23 (JKA), Bilik B24 (JKA), Makmal Komputer B25 (JKA); Aras 4: Bilik A31 (JKA), Bilik A32 (JKA), Bilik A33 (JKA), Bilik A34 (JKA), Bilik A35 (JKA), Bilik A36 (JKA), Bilik B31 (JKA), Bilik B32 (JKA), Bilik B33 (JKA), Bilik B34 (JKA), Bilik B35 (JKA), Bilik B36 (JKA).",Bangunan,"jka, bangunan jka, awam, civil, kampus a",,What is in the Bangunan Jabatan Kejuruteraan Awam (JKA)?,Bangunan Jabatan Kejuruteraan Awam (JKA)里有什么？,Bangunan Jabatan Kejuruteraan Awam (JKA)-இல் என்ன உள்ளது?
79,"Lokasi Bilik Kelas, Makmal & Bangunan PUO",bilik_bilik_kuliah_b1_jka,Di manakah Bilik Kuliah B1 (JKA)?,"Bilik Kuliah B1 (JKA) terletak di Aras 1, Bangunan Jabatan Kejuruteraan Awam (JKA), di Kampus A, bersebelahan Bangunan Asasi TVET dan berhadapan Dewan Kuliah JKA.",Bilik Kelas,"b1, jka, bangunan jka, awam, civil, kampus a",,Where is Bilik Kuliah B1 (JKA)?,Bilik Kuliah B1 (JKA)在哪里？,Bilik Kuliah B1 (JKA) எங்கே உள்ளது?
80,"Lokasi Bilik Kelas, Makmal & Bangunan PUO",bilik_bilik_a2_jka,Di manakah Bilik A2 (JKA)?,"Bilik A2 (JKA) terletak di Aras 1, Bangunan Jabatan Kejuruteraan Awam (JKA), di Kampus A, bersebelahan Bangunan Asasi TVET dan berhadapan Dewan Kuliah JKA.",Bilik Kelas,"a2, jka, bangunan jka, awam, civil, kampus a",,Where is Bilik A2 (JKA)?,Bilik A2 (JKA)在哪里？,Bilik A2 (JKA) எங்கே உள்ளது?
81,"Lokasi Bilik Kelas, Makmal & Bangunan PUO",bilik_bilik_kuliah_b3_jka,Di manakah Bilik Kuliah B3 (JKA)?,"Bilik Kuliah B3 (JKA) terletak di Aras 1, Bangunan Jabatan Kejuruteraan Awam (JKA), di Kampus A, bersebelahan Bangunan Asasi TVET dan berhadapan Dewan Kuliah JKA.",Bilik Kelas,"b3, jka, bangunan jka, awam, civil, kampus a",,Where is Bilik Kuliah B3 (JKA)?,Bilik Kuliah B3 (JKA)在哪里？,Bilik Kuliah B3 (JKA) எங்கே உள்ளது?
82,"Lokasi Bilik Kelas, Makmal & Bangunan PUO",bilik_bilik_kuliah_b4_jka,Di manakah Bilik Kuliah B4 (JKA)?,"Bilik Kuliah B4 (JKA) terletak di Aras 1, Bangunan Jabatan Kejuruteraan Awam (JKA), di Kampus A, bersebelahan Bangunan Asasi TVET dan berhadapan Dewan Kuliah JKA.",Bilik Kelas,"b4, bilik kuliah 4, jka, bangunan jka, awam, civil, kampus a",,Where is Bilik Kuliah B4 (JKA)?,Bilik Kuliah B4 (JKA)在哪里？,Bilik Kuliah B4 (JKA) எங்கே உள்ளது?
83,"Lokasi Bilik Kelas, Makmal & Bangunan PUO",bilik_bilik_kuliah_b5_jka,Di manakah Bilik Kuliah B5 (JKA)?,"Bilik Kuliah B5 (JKA) terletak di Aras 1, Bangunan Jabatan Kejuruteraan Awam (JKA), di Kampus A, bersebelahan Bangunan Asasi TVET dan berhadapan Dewan Kuliah JKA.",Bilik Kelas,"b5, b05, jka, bangunan jka, awam, civil, kampus a",,Where is Bilik Kuliah B5 (JKA)?,Bilik Kuliah B5 (JKA)在哪里？,Bilik Kuliah B5 (JKA) எங்கே உள்ளது?
84,"Lokasi Bilik Kelas, Makmal & Bangunan PUO",bilik_makmal_geomatik_g15,Di manakah Makmal Geomatik (G15)?,"Makmal Geomatik (G15) terletak di Aras 1, Bangunan Jabatan Kejuruteraan Awam (JKA), di Kampus A, bersebelahan Bangunan Asasi TVET dan berhadapan Dewan Kuliah JKA.",Makmal,"geomatik, g15, jka, bangunan jka, awam, civil, kampus a",,Where is Makmal Geomatik (G15)?,Makmal Geomatik (G15)在哪里？,Makmal Geomatik (G15) எங்கே உள்ளது?
85,"Lokasi Bilik Kelas, Makmal & Bangunan PUO",bilik_engineering_science_lab_1,Di manakah Engineering Science Lab 1?,"Engineering Science Lab 1 terletak di Aras 1, Bangunan Jabatan Kejuruteraan Awam (JKA), di Kampus A, bersebelahan Bangunan Asasi TVET dan berhadapan Dewan Kuliah JKA.",Makmal,"engineering science lab 1, es lab 1, makmal sains kejuruteraan, jka, bangunan jka, awam, civil, kampus a",,Where is Engineering Science Lab 1?,Engineering Science Lab 1在哪里？,Engineering Science Lab 1 எங்கே உள்ளது?
86,"Lokasi Bilik Kelas, Makmal & Bangunan PUO",bilik_engineering_science_lab_2,Di manakah Engineering Science Lab 2?,"Engineering Science Lab 2 terletak di Aras 1, Bangunan Jabatan Kejuruteraan Awam (JKA), di Kampus A, bersebelahan Bangunan Asasi TVET dan berhadapan Dewan Kuliah JKA.",Makmal,"engineering science lab 2, es lab 2, makmal sains kejuruteraan, jka, bangunan jka, awam, civil, kampus a",,Where is Engineering Science Lab 2?,Engineering Science Lab 2在哪里？,Engineering Science Lab 2 எங்கே உள்ளது?
87,"Lokasi Bilik Kelas, Makmal & Bangunan PUO",bilik_makmal_pembuatan,Di manakah Makmal Pembuatan?,"Makmal Pembuatan terletak di Aras 1, Bangunan Jabatan Kejuruteraan Awam (JKA), di Kampus A, bersebelahan Bangunan Asasi TVET dan berhadapan Dewan Kuliah JKA.",Makmal,"makmal pembuatan, manufacturing, jka, bangunan jka, awam, civil, kampus a",,Where is Makmal Pembuatan?,Makmal Pembuatan在哪里？,Makmal Pembuatan எங்கே உள்ளது?
88,"Lokasi Bilik Kelas, Makmal & Bangunan PUO",bilik_sudut_seni_puo,Di manakah Sudut Seni PUO?,"Sudut Seni PUO terletak di Aras 1, Bangunan Jabatan Kejuruteraan Awam (JKA), di Kampus A, bersebelahan Bangunan Asasi TVET dan berhadapan Dewan Kuliah JKA.",Kemudahan,"sudut seni, jka, bangunan jka, awam, civil, kampus a",,Where is Sudut Seni PUO?,Sudut Seni PUO在哪里？,Sudut Seni PUO எங்கே உள்ளது?
89,"Lokasi Bilik Kelas, Makmal & Bangunan PUO",bilik_surau_pegawai_jka,Di manakah Surau Pegawai (JKA)?,"Surau Pegawai (JKA) terletak di Aras 1, Bangunan Jabatan Kejuruteraan Awam (JKA), di Kampus A, bersebelahan Bangunan Asasi TVET dan berhadapan Dewan Kuliah JKA.",Kemudahan,"surau pegawai, jka, bangunan jka, awam, civil, kampus a",,Where is Surau Pegawai (JKA)?,Surau Pegawai (JKA)在哪里？,Surau Pegawai (JKA) எங்கே உள்ளது?
90,"Lokasi Bilik Kelas, Makmal & Bangunan PUO",bilik_makmal_cadd_jkm,Di manakah Makmal CADD (JKM)?,"Makmal CADD (JKM) terletak di Aras 2, Bangunan Jabatan Kejuruteraan Awam (JKA), di Kampus A, bersebelahan Bangunan Asasi TVET dan berhadapan Dewan Kuliah JKA.",Makmal,"cadd, caad, makmal cadd, jka, bangunan jka, awam, civil, kampus a",,Where is Makmal CADD (JKM)?,Makmal CADD (JKM)在哪里？,Makmal CADD (JKM) எங்கே உள்ளது?
91,"Lokasi Bilik Kelas, Makmal & Bangunan PUO",bilik_makmal_komputer_jka_a12_ava,Di manakah Makmal Komputer JKA A12 (AVA)?,"Makmal Komputer JKA A12 (AVA) terletak di Aras 2, Bangunan Jabatan Kejuruteraan Awam (JKA), di Kampus A, bersebelahan Bangunan Asasi TVET dan berhadapan Dewan Kuliah JKA.",Makmal,"a12, ava, makmal komputer jka, jka, bangunan jka, awam, civil, kampus a",,Where is Makmal Komputer JKA A12 (AVA)?,Makmal Komputer JKA A12 (AVA)在哪里？,Makmal Komputer JKA A12 (AVA) எங்கே உள்ளது?
92,"Lokasi Bilik Kelas, Makmal & Bangunan PUO",bilik_hybrid_classroom_a13,Di manakah Hybrid Classroom A13?,"Hybrid Classroom A13 terletak di Aras 2, Bangunan Jabatan Kejuruteraan Awam (JKA), di Kampus A, bersebelahan Bangunan Asasi TVET dan berhadapan Dewan Kuliah JKA.",Bilik Kelas,"a13, hybrid classroom, kelas hibrid, jka, bangunan jka, awam, civil, kampus a",,Where is Hybrid Classroom A13?,Hybrid Classroom A13在哪里？,Hybrid Classroom A13 எங்கே உள்ளது?
93,"Lokasi Bilik Kelas, Makmal & Bangunan PUO",bilik_bilik_a14_jka,Di manakah Bilik A14 (JKA)?,"Bilik A14 (JKA) terletak di Aras 2, Bangunan Jabatan Kejuruteraan Awam (JKA), di Kampus A, bersebelahan Bangunan Asasi TVET dan berhadapan Dewan Kuliah JKA.",Bilik Kelas,"a14, jka, bangunan jka, awam, civil, kampus a",,Where is Bilik A14 (JKA)?,Bilik A14 (JKA)在哪里？,Bilik A14 (JKA) எங்கே உள்ளது?
94,"Lokasi Bilik Kelas, Makmal & Bangunan PUO",bilik_bilik_a15_jka,Di manakah Bilik A15 (JKA)?,"Bilik A15 (JKA) terletak di Aras 2, Bangunan Jabatan Kejuruteraan Awam (JKA), di Kampus A, bersebelahan Bangunan Asasi TVET dan berhadapan Dewan Kuliah JKA.",Bilik Kelas,"a15, jka, bangunan jka, awam, civil, kampus a",,Where is Bilik A15 (JKA)?,Bilik A15 (JKA)在哪里？,Bilik A15 (JKA) எங்கே உள்ளது?
95,"Lokasi Bilik Kelas, Makmal & Bangunan PUO",bilik_bilik_a16_jka,Di manakah Bilik A16 (JKA)?,"Bilik A16 (JKA) terletak di Aras 2, Bangunan Jabatan Kejuruteraan Awam (JKA), di Kampus A, bersebelahan Bangunan Asasi TVET dan berhadapan Dewan Kuliah JKA.",Bilik Kelas,"a16, jka, bangunan jka, awam, civil, kampus a",,Where is Bilik A16 (JKA)?,Bilik A16 (JKA)在哪里？,Bilik A16 (JKA) எங்கே உள்ளது?
96,"Lokasi Bilik Kelas, Makmal & Bangunan PUO",bilik_bilik_b11_jka,Di manakah Bilik B11 (JKA)?,"Bilik B11 (JKA) terletak di Aras 2, Bangunan Jabatan Kejuruteraan Awam (JKA), di Kampus A, bersebelahan Bangunan Asasi TVET dan berhadapan Dewan Kuliah JKA.",Bilik Kelas,"b11, jka, bangunan jka, awam, civil, kampus a",,Where is Bilik B11 (JKA)?,Bilik B11 (JKA)在哪里？,Bilik B11 (JKA) எங்கே உள்ளது?
97,"Lokasi Bilik Kelas, Makmal & Bangunan PUO",bilik_bilik_b12_jka,Di manakah Bilik B12 (JKA)?,"Bilik B12 (JKA) terletak di Aras 2, Bangunan Jabatan Kejuruteraan Awam (JKA), di Kampus A, bersebelahan Bangunan Asasi TVET dan berhadapan Dewan Kuliah JKA.",Bilik Kelas,"b12, jka, bangunan jka, awam, civil, kampus a",,Where is Bilik B12 (JKA)?,Bilik B12 (JKA)在哪里？,Bilik B12 (JKA) எங்கே உள்ளது?
98,"Lokasi Bilik Kelas, Makmal & Bangunan PUO",bilik_bilik_b13_jka,Di manakah Bilik B13 (JKA)?,"Bilik B13 (JKA) terletak di Aras 2, Bangunan Jabatan Kejuruteraan Awam (JKA), di Kampus A, bersebelahan Bangunan Asasi TVET dan berhadapan Dewan Kuliah JKA.",Bilik Kelas,"b13, jka, bangunan jka, awam, civil, kampus a",,Where is Bilik B13 (JKA)?,Bilik B13 (JKA)在哪里？,Bilik B13 (JKA) எங்கே உள்ளது?
99,"Lokasi Bilik Kelas, Makmal & Bangunan PUO",bilik_bilik_b14_jka,Di manakah Bilik B14 (JKA)?,"Bilik B14 (JKA) terletak di Aras 2, Bangunan Jabatan Kejuruteraan Awam (JKA), di Kampus A, bersebelahan Bangunan Asasi TVET dan berhadapan Dewan Kuliah JKA.",Bilik Kelas,"b14, jka, bangunan jka, awam, civil, kampus a",,Where is Bilik B14 (JKA)?,Bilik B14 (JKA)在哪里？,Bilik B14 (JKA) எங்கே உள்ளது?
100,"Lokasi Bilik Kelas, Makmal & Bangunan PUO",bilik_bilik_b15_jka,Di manakah Bilik B15 (JKA)?,"Bilik B15 (JKA) terletak di Aras 2, Bangunan Jabatan Kejuruteraan Awam (JKA), di Kampus A, bersebelahan Bangunan Asasi TVET dan berhadapan Dewan Kuliah JKA.",Bilik Kelas,"b15, jka, bangunan jka, awam, civil, kampus a",,Where is Bilik B15 (JKA)?,Bilik B15 (JKA)在哪里？,Bilik B15 (JKA) எங்கே உள்ளது?
101,"Lokasi Bilik Kelas, Makmal & Bangunan PUO",bilik_bilik_b16_jka,Di manakah Bilik B16 (JKA)?,"Bilik B16 (JKA) terletak di Aras 2, Bangunan Jabatan Kejuruteraan Awam (JKA), di Kampus A, bersebelahan Bangunan Asasi TVET dan berhadapan Dewan Kuliah JKA.",Bilik Kelas,"b16, jka, bangunan jka, awam, civil, kampus a",,Where is Bilik B16 (JKA)?,Bilik B16 (JKA)在哪里？,Bilik B16 (JKA) எங்கே உள்ளது?
102,"Lokasi Bilik Kelas, Makmal & Bangunan PUO",bilik_pejabat_kuliah_b17_jka,Di manakah Pejabat Kuliah B17 (JKA)?,"Pejabat Kuliah B17 (JKA) terletak di Aras 2, Bangunan Jabatan Kejuruteraan Awam (JKA), di Kampus A, bersebelahan Bangunan Asasi TVET dan berhadapan Dewan Kuliah JKA.",Bilik Kelas,"b17, pejabat kuliah, jka, bangunan jka, awam, civil, kampus a",,Where is Pejabat Kuliah B17 (JKA)?,Pejabat Kuliah B17 (JKA)在哪里？,Pejabat Kuliah B17 (JKA) எங்கே உள்ளது?
103,"Lokasi Bilik Kelas, Makmal & Bangunan PUO",bilik_bilik_a21_jka,Di manakah Bilik A21 (JKA)?,"Bilik A21 (JKA) terletak di Aras 3, Bangunan Jabatan Kejuruteraan Awam (JKA), di Kampus A, bersebelahan Bangunan Asasi TVET dan berhadapan Dewan Kuliah JKA.",Bilik Kelas,"a21, jka, bangunan jka, awam, civil, kampus a",,Where is Bilik A21 (JKA)?,Bilik A21 (JKA)在哪里？,Bilik A21 (JKA) எங்கே உள்ளது?
104,"Lokasi Bilik Kelas, Makmal & Bangunan PUO",bilik_bilik_a22_jka,Di manakah Bilik A22 (JKA)?,"Bilik A22 (JKA) terletak di Aras 3, Bangunan Jabatan Kejuruteraan Awam (JKA), di Kampus A, bersebelahan Bangunan Asasi TVET dan berhadapan Dewan Kuliah JKA.",Bilik Kelas,"a22, jka, bangunan jka, awam, civil, kampus a",,Where is Bilik A22 (JKA)?,Bilik A22 (JKA)在哪里？,Bilik A22 (JKA) எங்கே உள்ளது?
105,"Lokasi Bilik Kelas, Makmal & Bangunan PUO",bilik_bilik_a23_jka,Di manakah Bilik A23 (JKA)?,"Bilik A23 (JKA) terletak di Aras 3, Bangunan Jabatan Kejuruteraan Awam (JKA), di Kampus A, bersebelahan Bangunan Asasi TVET dan berhadapan Dewan Kuliah JKA.",Bilik Kelas,"a23, jka, bangunan jka, awam, civil, kampus a",,Where is Bilik A23 (JKA)?,Bilik A23 (JKA)在哪里？,Bilik A23 (JKA) எங்கே உள்ளது?
106,"Lokasi Bilik Kelas, Makmal & Bangunan PUO",bilik_bilik_a24_jka,Di manakah Bilik A24 (JKA)?,"Bilik A24 (JKA) terletak di Aras 3, Bangunan Jabatan Kejuruteraan Awam (JKA), di Kampus A, bersebelahan Bangunan Asasi TVET dan berhadapan Dewan Kuliah JKA.",Bilik Kelas,"a24, jka, bangunan jka, awam, civil, kampus a",,Where is Bilik A24 (JKA)?,Bilik A24 (JKA)在哪里？,Bilik A24 (JKA) எங்கே உள்ளது?
107,"Lokasi Bilik Kelas, Makmal & Bangunan PUO",bilik_bilik_a25_jka,Di manakah Bilik A25 (JKA)?,"Bilik A25 (JKA) terletak di Aras 3, Bangunan Jabatan Kejuruteraan Awam (JKA), di Kampus A, bersebelahan Bangunan Asasi TVET dan berhadapan Dewan Kuliah JKA.",Bilik Kelas,"a25, jka, bangunan jka, awam, civil, kampus a",,Where is Bilik A25 (JKA)?,Bilik A25 (JKA)在哪里？,Bilik A25 (JKA) எங்கே உள்ளது?
108,"Lokasi Bilik Kelas, Makmal & Bangunan PUO",bilik_bilik_a26_jka,Di manakah Bilik A26 (JKA)?,"Bilik A26 (JKA) terletak di Aras 3, Bangunan Jabatan Kejuruteraan Awam (JKA), di Kampus A, bersebelahan Bangunan Asasi TVET dan berhadapan Dewan Kuliah JKA.",Bilik Kelas,"a26, jka, bangunan jka, awam, civil, kampus a",,Where is Bilik A26 (JKA)?,Bilik A26 (JKA)在哪里？,Bilik A26 (JKA) எங்கே உள்ளது?
109,"Lokasi Bilik Kelas, Makmal & Bangunan PUO",bilik_bilik_a27_jka,Di manakah Bilik A27 (JKA)?,"Bilik A27 (JKA) terletak di Aras 3, Bangunan Jabatan Kejuruteraan Awam (JKA), di Kampus A, bersebelahan Bangunan Asasi TVET dan berhadapan Dewan Kuliah JKA.",Bilik Kelas,"a27, jka, bangunan jka, awam, civil, kampus a",,Where is Bilik A27 (JKA)?,Bilik A27 (JKA)在哪里？,Bilik A27 (JKA) எங்கே உள்ளது?
110,"Lokasi Bilik Kelas, Makmal & Bangunan PUO",bilik_bilik_b21_jka,Di manakah Bilik B21 (JKA)?,"Bilik B21 (JKA) terletak di Aras 3, Bangunan Jabatan Kejuruteraan Awam (JKA), di Kampus A, bersebelahan Bangunan Asasi TVET dan berhadapan Dewan Kuliah JKA.",Bilik Kelas,"b21, jka, bangunan jka, awam, civil, kampus a",,Where is Bilik B21 (JKA)?,Bilik B21 (JKA)在哪里？,Bilik B21 (JKA) எங்கே உள்ளது?
111,"Lokasi Bilik Kelas, Makmal & Bangunan PUO",bilik_bilik_b22_jka,Di manakah Bilik B22 (JKA)?,"Bilik B22 (JKA) terletak di Aras 3, Bangunan Jabatan Kejuruteraan Awam (JKA), di Kampus A, bersebelahan Bangunan Asasi TVET dan berhadapan Dewan Kuliah JKA.",Bilik Kelas,"b22, jka, bangunan jka, awam, civil, kampus a",,Where is Bilik B22 (JKA)?,Bilik B22 (JKA)在哪里？,Bilik B22 (JKA) எங்கே உள்ளது?
112,"Lokasi Bilik Kelas, Makmal & Bangunan PUO",bilik_bilik_b23_jka,Di manakah Bilik B23 (JKA)?,"Bilik B23 (JKA) terletak di Aras 3, Bangunan Jabatan Kejuruteraan Awam (JKA), di Kampus A, bersebelahan Bangunan Asasi TVET dan berhadapan Dewan Kuliah JKA.",Bilik Kelas,"b23, jka, bangunan jka, awam, civil, kampus a",,Where is Bilik B23 (JKA)?,Bilik B23 (JKA)在哪里？,Bilik B23 (JKA) எங்கே உள்ளது?
113,"Lokasi Bilik Kelas, Makmal & Bangunan PUO",bilik_bilik_b24_jka,Di manakah Bilik B24 (JKA)?,"Bilik B24 (JKA) terletak di Aras 3, Bangunan Jabatan Kejuruteraan Awam (JKA), di Kampus A, bersebelahan Bangunan Asasi TVET dan berhadapan Dewan Kuliah JKA.",Bilik Kelas,"b24, jka, bangunan jka, awam, civil, kampus a",,Where is Bilik B24 (JKA)?,Bilik B24 (JKA)在哪里？,Bilik B24 (JKA) எங்கே உள்ளது?
114,"Lokasi Bilik Kelas, Makmal & Bangunan PUO",bilik_makmal_komputer_b25_jka,Di manakah Makmal Komputer B25 (JKA)?,"Makmal Komputer B25 (JKA) terletak di Aras 3, Bangunan Jabatan Kejuruteraan Awam (JKA), di Kampus A, bersebelahan Bangunan Asasi TVET dan berhadapan Dewan Kuliah JKA.",Makmal,"b25, makmal komputer, jka, bangunan jka, awam, civil, kampus a",,Where is Makmal Komputer B25 (JKA)?,Makmal Komputer B25 (JKA)在哪里？,Makmal Komputer B25 (JKA) எங்கே உள்ளது?
115,"Lokasi Bilik Kelas, Makmal & Bangunan PUO",bilik_bilik_a31_jka,Di manakah Bilik A31 (JKA)?,"Bilik A31 (JKA) terletak di Aras 4, Bangunan Jabatan Kejuruteraan Awam (JKA), di Kampus A, bersebelahan Bangunan Asasi TVET dan berhadapan Dewan Kuliah JKA.",Bilik Kelas,"a31, jka, bangunan jka, awam, civil, kampus a",,Where is Bilik A31 (JKA)?,Bilik A31 (JKA)在哪里？,Bilik A31 (JKA) எங்கே உள்ளது?
116,"Lokasi Bilik Kelas, Makmal & Bangunan PUO",bilik_bilik_a32_jka,Di manakah Bilik A32 (JKA)?,"Bilik A32 (JKA) terletak di Aras 4, Bangunan Jabatan Kejuruteraan Awam (JKA), di Kampus A, bersebelahan Bangunan Asasi TVET dan berhadapan Dewan Kuliah JKA.",Bilik Kelas,"a32, jka, bangunan jka, awam, civil, kampus a",,Where is Bilik A32 (JKA)?,Bilik A32 (JKA)在哪里？,Bilik A32 (JKA) எங்கே உள்ளது?
117,"Lokasi Bilik Kelas, Makmal & Bangunan PUO",bilik_bilik_a33_jka,Di manakah Bilik A33 (JKA)?,"Bilik A33 (JKA) terletak di Aras 4, Bangunan Jabatan Kejuruteraan Awam (JKA), di Kampus A, bersebelahan Bangunan Asasi TVET dan berhadapan Dewan Kuliah JKA.",Bilik Kelas,"a33, jka, bangunan jka, awam, civil, kampus a",,Where is Bilik A33 (JKA)?,Bilik A33 (JKA)在哪里？,Bilik A33 (JKA) எங்கே உள்ளது?
118,"Lokasi Bilik Kelas, Makmal & Bangunan PUO",bilik_bilik_a34_jka,Di manakah Bilik A34 (JKA)?,"Bilik A34 (JKA) terletak di Aras 4, Bangunan Jabatan Kejuruteraan Awam (JKA), di Kampus A, bersebelahan Bangunan Asasi TVET dan berhadapan Dewan Kuliah JKA.",Bilik Kelas,"a34, jka, bangunan jka, awam, civil, kampus a",,Where is Bilik A34 (JKA)?,Bilik A34 (JKA)在哪里？,Bilik A34 (JKA) எங்கே உள்ளது?
119,"Lokasi Bilik Kelas, Makmal & Bangunan PUO",bilik_bilik_a35_jka,Di manakah Bilik A35 (JKA)?,"Bilik A35 (JKA) terletak di Aras 4, Bangunan Jabatan Kejuruteraan Awam (JKA), di Kampus A, bersebelahan Bangunan Asasi TVET dan berhadapan Dewan Kuliah JKA.",Bilik Kelas,"a35, jka, bangunan jka, awam, civil, kampus a",,Where is Bilik A35 (JKA)?,Bilik A35 (JKA)在哪里？,Bilik A35 (JKA) எங்கே உள்ளது?
120,"Lokasi Bilik Kelas, Makmal & Bangunan PUO",bilik_bilik_a36_jka,Di manakah Bilik A36 (JKA)?,"Bilik A36 (JKA) terletak di Aras 4, Bangunan Jabatan Kejuruteraan Awam (JKA), di Kampus A, bersebelahan Bangunan Asasi TVET dan berhadapan Dewan Kuliah JKA.",Bilik Kelas,"a36, jka, bangunan jka, awam, civil, kampus a",,Where is Bilik A36 (JKA)?,Bilik A36 (JKA)在哪里？,Bilik A36 (JKA) எங்கே உள்ளது?
121,"Lokasi Bilik Kelas, Makmal & Bangunan PUO",bilik_bilik_b31_jka,Di manakah Bilik B31 (JKA)?,"Bilik B31 (JKA) terletak di Aras 4, Bangunan Jabatan Kejuruteraan Awam (JKA), di Kampus A, bersebelahan Bangunan Asasi TVET dan berhadapan Dewan Kuliah JKA.",Bilik Kelas,"b31, jka, bangunan jka, awam, civil, kampus a",,Where is Bilik B31 (JKA)?,Bilik B31 (JKA)在哪里？,Bilik B31 (JKA) எங்கே உள்ளது?
122,"Lokasi Bilik Kelas, Makmal & Bangunan PUO",bilik_bilik_b32_jka,Di manakah Bilik B32 (JKA)?,"Bilik B32 (JKA) terletak di Aras 4, Bangunan Jabatan Kejuruteraan Awam (JKA), di Kampus A, bersebelahan Bangunan Asasi TVET dan berhadapan Dewan Kuliah JKA.",Bilik Kelas,"b32, jka, bangunan jka, awam, civil, kampus a",,Where is Bilik B32 (JKA)?,Bilik B32 (JKA)在哪里？,Bilik B32 (JKA) எங்கே உள்ளது?
123,"Lokasi Bilik Kelas, Makmal & Bangunan PUO",bilik_bilik_b33_jka,Di manakah Bilik B33 (JKA)?,"Bilik B33 (JKA) terletak di Aras 4, Bangunan Jabatan Kejuruteraan Awam (JKA), di Kampus A, bersebelahan Bangunan Asasi TVET dan berhadapan Dewan Kuliah JKA.",Bilik Kelas,"b33, jka, bangunan jka, awam, civil, kampus a",,Where is Bilik B33 (JKA)?,Bilik B33 (JKA)在哪里？,Bilik B33 (JKA) எங்கே உள்ளது?
124,"Lokasi Bilik Kelas, Makmal & Bangunan PUO",bilik_bilik_b34_jka,Di manakah Bilik B34 (JKA)?,"Bilik B34 (JKA) terletak di Aras 4, Bangunan Jabatan Kejuruteraan Awam (JKA), di Kampus A, bersebelahan Bangunan Asasi TVET dan berhadapan Dewan Kuliah JKA.",Bilik Kelas,"b34, jka, bangunan jka, awam, civil, kampus a",,Where is Bilik B34 (JKA)?,Bilik B34 (JKA)在哪里？,Bilik B34 (JKA) எங்கே உள்ளது?
125,"Lokasi Bilik Kelas, Makmal & Bangunan PUO",bilik_bilik_b35_jka,Di manakah Bilik B35 (JKA)?,"Bilik B35 (JKA) terletak di Aras 4, Bangunan Jabatan Kejuruteraan Awam (JKA), di Kampus A, bersebelahan Bangunan Asasi TVET dan berhadapan Dewan Kuliah JKA.",Bilik Kelas,"b35, jka, bangunan jka, awam, civil, kampus a",,Where is Bilik B35 (JKA)?,Bilik B35 (JKA)在哪里？,Bilik B35 (JKA) எங்கே உள்ளது?
126,"Lokasi Bilik Kelas, Makmal & Bangunan PUO",bilik_bilik_b36_jka,Di manakah Bilik B36 (JKA)?,"Bilik B36 (JKA) terletak di Aras 4, Bangunan Jabatan Kejuruteraan Awam (JKA), di Kampus A, bersebelahan Bangunan Asasi TVET dan berhadapan Dewan Kuliah JKA.",Bilik Kelas,"b36, jka, bangunan jka, awam, civil, kampus a",,Where is Bilik B36 (JKA)?,Bilik B36 (JKA)在哪里？,Bilik B36 (JKA) எங்கே உள்ளது?
127,"Lokasi Bilik Kelas, Makmal & Bangunan PUO",bangunan_jmsk,Apa yang ada di Bangunan JMSK?,"Susun atur mengikut aras — Aras 1 (aras bawah): Makmal Mekatronik, Surau JMSK, Bilik Pensyarah JMSK 1, Bilik Pensyarah JMSK 2; Aras 2: Pejabat Ketua Jabatan JKM, Pejabat Ketua Jabatan MSK.",Bangunan,"jmsk, msk, mekatronik",,What is in the Bangunan JMSK?,Bangunan JMSK里有什么？,Bangunan JMSK-இல் என்ன உள்ளது?
128,"Lokasi Bilik Kelas, Makmal & Bangunan PUO",bilik_makmal_mekatronik,Di manakah Makmal Mekatronik?,"Makmal Mekatronik terletak di Aras 1, Bangunan JMSK.",Makmal,"mekatronik lab, mechatronics, makmal mekatronik, jmsk, msk, mekatronik",,Where is Makmal Mekatronik?,Makmal Mekatronik在哪里？,Makmal Mekatronik எங்கே உள்ளது?
129,"Lokasi Bilik Kelas, Makmal & Bangunan PUO",bilik_surau_jmsk,Di manakah Surau JMSK?,"Surau JMSK terletak di Aras 1, Bangunan JMSK.",Kemudahan,"surau jmsk, jmsk, msk, mekatronik",,Where is Surau JMSK?,Surau JMSK在哪里？,Surau JMSK எங்கே உள்ளது?
130,"Lokasi Bilik Kelas, Makmal & Bangunan PUO",bilik_bilik_pensyarah_jmsk_1,Di manakah Bilik Pensyarah JMSK 1?,"Bilik Pensyarah JMSK 1 terletak di Aras 1, Bangunan JMSK.",Kemudahan,"bilik pensyarah jmsk, jmsk, msk, mekatronik",,Where is Bilik Pensyarah JMSK 1?,Bilik Pensyarah JMSK 1在哪里？,Bilik Pensyarah JMSK 1 எங்கே உள்ளது?
131,"Lokasi Bilik Kelas, Makmal & Bangunan PUO",bilik_bilik_pensyarah_jmsk_2,Di manakah Bilik Pensyarah JMSK 2?,"Bilik Pensyarah JMSK 2 terletak di Aras 1, Bangunan JMSK.",Kemudahan,"bilik pensyarah jmsk, jmsk, msk, mekatronik",,Where is Bilik Pensyarah JMSK 2?,Bilik Pensyarah JMSK 2在哪里？,Bilik Pensyarah JMSK 2 எங்கே உள்ளது?
132,"Lokasi Bilik Kelas, Makmal & Bangunan PUO",bilik_pejabat_ketua_jabatan_jkm,Di manakah Pejabat Ketua Jabatan JKM?,"Pejabat Ketua Jabatan JKM terletak di Aras 2, Bangunan JMSK.",Kemudahan,"ketua jabatan jkm, kj jkm, jmsk, msk, mekatronik",,Where is Pejabat Ketua Jabatan JKM?,Pejabat Ketua Jabatan JKM在哪里？,Pejabat Ketua Jabatan JKM எங்கே உள்ளது?
133,"Lokasi Bilik Kelas, Makmal & Bangunan PUO",bilik_pejabat_ketua_jabatan_msk,Di manakah Pejabat Ketua Jabatan MSK?,"Pejabat Ketua Jabatan MSK terletak di Aras 2, Bangunan JMSK.",Kemudahan,"ketua jabatan msk, kj msk, jmsk, msk, mekatronik",,Where is Pejabat Ketua Jabatan MSK?,Pejabat Ketua Jabatan MSK在哪里？,Pejabat Ketua Jabatan MSK எங்கே உள்ளது?
134,"Lokasi Bilik Kelas, Makmal & Bangunan PUO",bangunan_edu_center,Apa yang ada di Bangunan Edu Centre (Pentadbiran)?,"Bangunan Edu Centre (Pentadbiran) terletak di Kampus A. Susun atur mengikut aras — Aras 1 (aras bawah): Bilik Pentadbiran, Unit Kewangan, Unit Komunikasi Korporat.",Bangunan,"edu centre, edu center, pentadbiran, admin, kampus a",,What is in the Bangunan Edu Centre (Pentadbiran)?,Bangunan Edu Centre (Pentadbiran)里有什么？,Bangunan Edu Centre (Pentadbiran)-இல் என்ன உள்ளது?
135,"Lokasi Bilik Kelas, Makmal & Bangunan PUO",bilik_bilik_pentadbiran,Di manakah Bilik Pentadbiran?,"Bilik Pentadbiran terletak di Aras 1, Bangunan Edu Centre (Pentadbiran), di Kampus A.",Kemudahan,"pentadbiran, admin office, edu centre, edu center, admin, kampus a",,Where is Bilik Pentadbiran?,Bilik Pentadbiran在哪里？,Bilik Pentadbiran எங்கே உள்ளது?
136,"Lokasi Bilik Kelas, Makmal & Bangunan PUO",bilik_unit_kewangan,Di manakah Unit Kewangan?,"Unit Kewangan terletak di Aras 1, Bangunan Edu Centre (Pentadbiran), di Kampus A.",Kemudahan,"kewangan, bendahari, finance, bayaran, edu centre, edu center, pentadbiran, admin, kampus a",,Where is Unit Kewangan?,Unit Kewangan在哪里？,Unit Kewangan எங்கே உள்ளது?
137,"Lokasi Bilik Kelas, Makmal & Bangunan PUO",bilik_unit_komunikasi_korporat,Di manakah Unit Komunikasi Korporat?,"Unit Komunikasi Korporat terletak di Aras 1, Bangunan Edu Centre (Pentadbiran), di Kampus A.",Kemudahan,"komunikasi korporat, corporate communication, edu centre, edu center, pentadbiran, admin, kampus a",,Where is Unit Komunikasi Korporat?,Unit Komunikasi Korporat在哪里？,Unit Komunikasi Korporat எங்கே உள்ளது?
138,"Lokasi Bilik Kelas, Makmal & Bangunan PUO",bangunan_kamsis_pfi,Apa yang ada di Kamsis PFI (Kamsis Baru)?,"Susun atur mengikut aras — Blok kediaman: Blok Mutiara, Blok Emas, Blok Zamrud, Blok Berlian, Blok Delima; Kemudahan: Kedai Fotostat & Printer Ratna Bestari, Dobi 24 Jam Koperasi PUO.",Bangunan,"kamsis pfi, pfi, kamsis baru, asrama, hostel",,What is in the Kamsis PFI (Kamsis Baru)?,Kamsis PFI (Kamsis Baru)里有什么？,Kamsis PFI (Kamsis Baru)-இல் என்ன உள்ளது?
139,"Lokasi Bilik Kelas, Makmal & Bangunan PUO",bilik_kedai_fotostat_printer_ratna_bestari,Di manakah Kedai Fotostat & Printer Ratna Bestari?,Kedai Fotostat & Printer Ratna Bestari terletak di kawasan Kamsis PFI (Kamsis Baru).,Kemudahan,"photostat, fotostat, printer, print, ratna bestari, cetak, kamsis pfi, pfi, kamsis baru, asrama, hostel",,Where is Kedai Fotostat & Printer Ratna Bestari?,Kedai Fotostat & Printer Ratna Bestari在哪里？,Kedai Fotostat & Printer Ratna Bestari எங்கே உள்ளது?
140,"Lokasi Bilik Kelas, Makmal & Bangunan PUO",bilik_dobi_24_jam_koperasi_puo,Di manakah Dobi 24 Jam Koperasi PUO?,Dobi 24 Jam Koperasi PUO terletak di kawasan Kamsis PFI (Kamsis Baru).,Kemudahan,"laundry, dobi, koperasi laundry, basuh baju, kamsis pfi, pfi, kamsis baru, asrama, hostel",,Where is Dobi 24 Jam Koperasi PUO?,Dobi 24 Jam Koperasi PUO在哪里？,Dobi 24 Jam Koperasi PUO எங்கே உள்ளது?
141,"Lokasi Bilik Kelas, Makmal & Bangunan PUO",bangunan_cisec,Apa yang ada di Bangunan CISEC?,"Bangunan CISEC terletak di Kampus A, bersebelahan Anjung Premier. Susun atur mengikut aras — Aras 1 (aras bawah): Unit Latihan dan Pendidikan Lanjutan (ULPL), I-Tech Lab; Aras 2: Pejabat CISEC, Unit Penyelidikan dan Inovasi (UPI), Unit Perhubungan dan Latihan Industri (UPLI).",Bangunan,"cisec, bangunan cisec, anjung premier, kampus a",,What is in the Bangunan CISEC?,Bangunan CISEC里有什么？,Bangunan CISEC-இல் என்ன உள்ளது?
142,"Lokasi Bilik Kelas, Makmal & Bangunan PUO",bilik_unit_latihan_dan_pendidikan_lanjutan_ulpl,Di manakah Unit Latihan dan Pendidikan Lanjutan (ULPL)?,"Unit Latihan dan Pendidikan Lanjutan (ULPL) terletak di Aras 1, Bangunan CISEC, di Kampus A, bersebelahan Anjung Premier.",Kemudahan,"ulpl, latihan dan pendidikan lanjutan, kursus pendek, latihan khas, cisec, bangunan cisec, anjung premier, kampus a",,Where is Unit Latihan dan Pendidikan Lanjutan (ULPL)?,Unit Latihan dan Pendidikan Lanjutan (ULPL)在哪里？,Unit Latihan dan Pendidikan Lanjutan (ULPL) எங்கே உள்ளது?
143,"Lokasi Bilik Kelas, Makmal & Bangunan PUO",bilik_i_tech_lab,Di manakah I-Tech Lab?,"I-Tech Lab terletak di Aras 1, Bangunan CISEC, di Kampus A, bersebelahan Anjung Premier.",Makmal,"i-tech lab, itech lab, i tech lab, cisec, bangunan cisec, anjung premier, kampus a",,Where is I-Tech Lab?,I-Tech Lab在哪里？,I-Tech Lab எங்கே உள்ளது?
144,"Lokasi Bilik Kelas, Makmal & Bangunan PUO",bilik_pejabat_cisec,Di manakah Pejabat CISEC?,"Pejabat CISEC terletak di Aras 2, Bangunan CISEC, di Kampus A, bersebelahan Anjung Premier.",Kemudahan,"pejabat cisec, cisec, bangunan cisec, anjung premier, kampus a",,Where is Pejabat CISEC?,Pejabat CISEC在哪里？,Pejabat CISEC எங்கே உள்ளது?
145,"Lokasi Bilik Kelas, Makmal & Bangunan PUO",bilik_unit_penyelidikan_dan_inovasi_upi,Di manakah Unit Penyelidikan dan Inovasi (UPI)?,"Unit Penyelidikan dan Inovasi (UPI) terletak di Aras 2, Bangunan CISEC, di Kampus A, bersebelahan Anjung Premier.",Kemudahan,"upi, penyelidikan, inovasi, research, innovation, cisec, bangunan cisec, anjung premier, kampus a",,Where is Unit Penyelidikan dan Inovasi (UPI)?,Unit Penyelidikan dan Inovasi (UPI)在哪里？,Unit Penyelidikan dan Inovasi (UPI) எங்கே உள்ளது?
146,"Lokasi Bilik Kelas, Makmal & Bangunan PUO",bilik_unit_perhubungan_dan_latihan_industri_upli,Di manakah Unit Perhubungan dan Latihan Industri (UPLI)?,"Unit Perhubungan dan Latihan Industri (UPLI) terletak di Aras 2, Bangunan CISEC, di Kampus A, bersebelahan Anjung Premier.",Kemudahan,"upli, latihan industri, li, internship, praktikal, perhubungan industri, cisec, bangunan cisec, anjung premier, kampus a",,Where is Unit Perhubungan dan Latihan Industri (UPLI)?,Unit Perhubungan dan Latihan Industri (UPLI)在哪里？,Unit Perhubungan dan Latihan Industri (UPLI) எங்கே உள்ளது?
147,"Lokasi Bilik Kelas, Makmal & Bangunan PUO",bangunan_jke_blok_l,Apa yang ada di Blok L JKE (Jabatan Kejuruteraan Elektrik)?,"Blok L JKE (Jabatan Kejuruteraan Elektrik) terletak berhadapan Kantin/Cafe B, dan bersambung dengan Blok N JKE melalui laluan di aras bawah. Susun atur mengikut aras — Aras 1 (tingkat bawah): Makmal Kejuruteraan 3 (L1), Makmal Kejuruteraan 4 (L2), Bilik Robot (L3), Bilik Pensyarah L4 (JKE), Bilik Pensyarah L5 (JKE), TECC L7 (Technology Enabled Collaborative Classroom), Foyer JKE, Arena Usahawan JKE, Dewan Kuliah JKE, stor inventori, bilik kawalan suis utama, tandas pelajar lelaki, tandas pelajar wanita; Aras 2 (tingkat satu): Makmal Kejuruteraan 5 (L11), Makmal Elektronik Kuasa (L12), Bilik L13 (JKE), Bilik Pejabat JKE (L14), Bilik Ketua Jabatan JKE, Bilik Mesyuarat JKE, Bilik Pensyarah L15 (JKE), Bilik Pensyarah L16 (JKE), Bilik Pensyarah L17 (JKE), Bilik Pensyarah L18 (JKE), bilik simpan kunci, tandas staf; Aras 3 (tingkat dua): Makmal Telekomunikasi 1 (L21), Makmal Telekomunikasi 2 (L22), Makmal Telekomunikasi 3 (L23), Makmal Penyelenggaraan & Baikpulih Elektrik (L24), Bilik Pensyarah L26 (JKE), Makmal Pengawal Mikro 1 (L27), Makmal Pengawal Mikro 2 (L28), bilik penolong jurutera/makmal, stor.",Bangunan,"blok l, jke, kejuruteraan elektrik, elektrik, electrical",,What is in the Blok L JKE (Jabatan Kejuruteraan Elektrik)?,Blok L JKE (Jabatan Kejuruteraan Elektrik)里有什么？,Blok L JKE (Jabatan Kejuruteraan Elektrik)-இல் என்ன உள்ளது?
148,"Lokasi Bilik Kelas, Makmal & Bangunan PUO",bilik_makmal_kejuruteraan_3_l1,Di manakah Makmal Kejuruteraan 3 (L1)?,"Makmal Kejuruteraan 3 (L1) terletak di Aras 1, Blok L JKE (Jabatan Kejuruteraan Elektrik), berhadapan Kantin/Cafe B, dan bersambung dengan Blok N JKE melalui laluan di aras bawah.",Makmal,"l1, makmal kejuruteraan 3, blok l, jke, kejuruteraan elektrik, elektrik, electrical",,Where is Makmal Kejuruteraan 3 (L1)?,Makmal Kejuruteraan 3 (L1)在哪里？,Makmal Kejuruteraan 3 (L1) எங்கே உள்ளது?
149,"Lokasi Bilik Kelas, Makmal & Bangunan PUO",bilik_makmal_kejuruteraan_4_l2,Di manakah Makmal Kejuruteraan 4 (L2)?,"Makmal Kejuruteraan 4 (L2) terletak di Aras 1, Blok L JKE (Jabatan Kejuruteraan Elektrik), berhadapan Kantin/Cafe B, dan bersambung dengan Blok N JKE melalui laluan di aras bawah.",Makmal,"l2, makmal kejuruteraan 4, blok l, jke, kejuruteraan elektrik, elektrik, electrical",,Where is Makmal Kejuruteraan 4 (L2)?,Makmal Kejuruteraan 4 (L2)在哪里？,Makmal Kejuruteraan 4 (L2) எங்கே உள்ளது?
150,"Lokasi Bilik Kelas, Makmal & Bangunan PUO",bilik_bilik_robot_l3,Di manakah Bilik Robot (L3)?,"Bilik Robot (L3) terletak di Aras 1, Blok L JKE (Jabatan Kejuruteraan Elektrik), berhadapan Kantin/Cafe B, dan bersambung dengan Blok N JKE melalui laluan di aras bawah.",Kemudahan,"l3, bilik robot, robot, blok l, jke, kejuruteraan elektrik, elektrik, electrical",,Where is Bilik Robot (L3)?,Bilik Robot (L3)在哪里？,Bilik Robot (L3) எங்கே உள்ளது?
151,"Lokasi Bilik Kelas, Makmal & Bangunan PUO",bilik_bilik_pensyarah_l4_jke,Di manakah Bilik Pensyarah L4 (JKE)?,"Bilik Pensyarah L4 (JKE) terletak di Aras 1, Blok L JKE (Jabatan Kejuruteraan Elektrik), berhadapan Kantin/Cafe B, dan bersambung dengan Blok N JKE melalui laluan di aras bawah.",Kemudahan,"l4, bilik pensyarah jke, blok l, jke, kejuruteraan elektrik, elektrik, electrical",,Where is Bilik Pensyarah L4 (JKE)?,Bilik Pensyarah L4 (JKE)在哪里？,Bilik Pensyarah L4 (JKE) எங்கே உள்ளது?
152,"Lokasi Bilik Kelas, Makmal & Bangunan PUO",bilik_bilik_pensyarah_l5_jke,Di manakah Bilik Pensyarah L5 (JKE)?,"Bilik Pensyarah L5 (JKE) terletak di Aras 1, Blok L JKE (Jabatan Kejuruteraan Elektrik), berhadapan Kantin/Cafe B, dan bersambung dengan Blok N JKE melalui laluan di aras bawah.",Kemudahan,"l5, bilik pensyarah jke, blok l, jke, kejuruteraan elektrik, elektrik, electrical",,Where is Bilik Pensyarah L5 (JKE)?,Bilik Pensyarah L5 (JKE)在哪里？,Bilik Pensyarah L5 (JKE) எங்கே உள்ளது?
153,"Lokasi Bilik Kelas, Makmal & Bangunan PUO",bilik_tecc_l7_technology_enabled_collaborative_classroom,Di manakah TECC L7 (Technology Enabled Collaborative Classroom)?,"TECC L7 (Technology Enabled Collaborative Classroom) terletak di Aras 1, Blok L JKE (Jabatan Kejuruteraan Elektrik), berhadapan Kantin/Cafe B, dan bersambung dengan Blok N JKE melalui laluan di aras bawah.",Makmal,"tecc, l7, tecc jke, collaborative classroom, blok l, jke, kejuruteraan elektrik, elektrik, electrical",,Where is TECC L7 (Technology Enabled Collaborative Classroom)?,TECC L7 (Technology Enabled Collaborative Classroom)在哪里？,TECC L7 (Technology Enabled Collaborative Classroom) எங்கே உள்ளது?
154,"Lokasi Bilik Kelas, Makmal & Bangunan PUO",bilik_foyer_jke,Di manakah Foyer JKE?,"Foyer JKE terletak di Aras 1, Blok L JKE (Jabatan Kejuruteraan Elektrik), berhadapan Kantin/Cafe B, dan bersambung dengan Blok N JKE melalui laluan di aras bawah.",Kemudahan,"foyer jke, lobi jke, blok l, jke, kejuruteraan elektrik, elektrik, electrical",,Where is Foyer JKE?,Foyer JKE在哪里？,Foyer JKE எங்கே உள்ளது?
155,"Lokasi Bilik Kelas, Makmal & Bangunan PUO",bilik_arena_usahawan_jke,Di manakah Arena Usahawan JKE?,"Arena Usahawan JKE terletak di Aras 1, Blok L JKE (Jabatan Kejuruteraan Elektrik), berhadapan Kantin/Cafe B, dan bersambung dengan Blok N JKE melalui laluan di aras bawah.",Kemudahan,"arena usahawan, usahawan, blok l, jke, kejuruteraan elektrik, elektrik, electrical",,Where is Arena Usahawan JKE?,Arena Usahawan JKE在哪里？,Arena Usahawan JKE எங்கே உள்ளது?
156,"Lokasi Bilik Kelas, Makmal & Bangunan PUO",bilik_makmal_kejuruteraan_5_l11,Di manakah Makmal Kejuruteraan 5 (L11)?,"Makmal Kejuruteraan 5 (L11) terletak di Aras 2, Blok L JKE (Jabatan Kejuruteraan Elektrik), berhadapan Kantin/Cafe B, dan bersambung dengan Blok N JKE melalui laluan di aras bawah.",Makmal,"l11, makmal kejuruteraan 5, blok l, jke, kejuruteraan elektrik, elektrik, electrical",,Where is Makmal Kejuruteraan 5 (L11)?,Makmal Kejuruteraan 5 (L11)在哪里？,Makmal Kejuruteraan 5 (L11) எங்கே உள்ளது?
157,"Lokasi Bilik Kelas, Makmal & Bangunan PUO",bilik_makmal_elektronik_kuasa_l12,Di manakah Makmal Elektronik Kuasa (L12)?,"Makmal Elektronik Kuasa (L12) terletak di Aras 2, Blok L JKE (Jabatan Kejuruteraan Elektrik), berhadapan Kantin/Cafe B, dan bersambung dengan Blok N JKE melalui laluan di aras bawah.",Makmal,"l12, elektronik kuasa, power electronics, blok l, jke, kejuruteraan elektrik, elektrik, electrical",,Where is Makmal Elektronik Kuasa (L12)?,Makmal Elektronik Kuasa (L12)在哪里？,Makmal Elektronik Kuasa (L12) எங்கே உள்ளது?
158,"Lokasi Bilik Kelas, Makmal & Bangunan PUO",bilik_bilik_l13_jke,Di manakah Bilik L13 (JKE)?,"Bilik L13 (JKE) terletak di Aras 2, Blok L JKE (Jabatan Kejuruteraan Elektrik), berhadapan Kantin/Cafe B, dan bersambung dengan Blok N JKE melalui laluan di aras bawah.",Bilik Kelas,"l13, blok l, jke, kejuruteraan elektrik, elektrik, electrical",,Where is Bilik L13 (JKE)?,Bilik L13 (JKE)在哪里？,Bilik L13 (JKE) எங்கே உள்ளது?
159,"Lokasi Bilik Kelas, Makmal & Bangunan PUO",bilik_bilik_pejabat_jke_l14,Di manakah Bilik Pejabat JKE (L14)?,"Bilik Pejabat JKE (L14) terletak di Aras 2, Blok L JKE (Jabatan Kejuruteraan Elektrik), berhadapan Kantin/Cafe B, dan bersambung dengan Blok N JKE melalui laluan di aras bawah.",Kemudahan,"l14, pejabat jke, office jke, pejabat am jke, blok l, jke, kejuruteraan elektrik, elektrik, electrical",,Where is Bilik Pejabat JKE (L14)?,Bilik Pejabat JKE (L14)在哪里？,Bilik Pejabat JKE (L14) எங்கே உள்ளது?
160,"Lokasi Bilik Kelas, Makmal & Bangunan PUO",bilik_bilik_ketua_jabatan_jke,Di manakah Bilik Ketua Jabatan JKE?,"Bilik Ketua Jabatan JKE terletak di Aras 2, Blok L JKE (Jabatan Kejuruteraan Elektrik), berhadapan Kantin/Cafe B, dan bersambung dengan Blok N JKE melalui laluan di aras bawah.",Kemudahan,"ketua jabatan jke, kj jke, hod jke, blok l, jke, kejuruteraan elektrik, elektrik, electrical",,Where is Bilik Ketua Jabatan JKE?,Bilik Ketua Jabatan JKE在哪里？,Bilik Ketua Jabatan JKE எங்கே உள்ளது?
161,"Lokasi Bilik Kelas, Makmal & Bangunan PUO",bilik_bilik_mesyuarat_jke,Di manakah Bilik Mesyuarat JKE?,"Bilik Mesyuarat JKE terletak di Aras 2, Blok L JKE (Jabatan Kejuruteraan Elektrik), berhadapan Kantin/Cafe B, dan bersambung dengan Blok N JKE melalui laluan di aras bawah.",Kemudahan,"bilik mesyuarat jke, meeting room jke, blok l, jke, kejuruteraan elektrik, elektrik, electrical",,Where is Bilik Mesyuarat JKE?,Bilik Mesyuarat JKE在哪里？,Bilik Mesyuarat JKE எங்கே உள்ளது?
162,"Lokasi Bilik Kelas, Makmal & Bangunan PUO",bilik_bilik_pensyarah_l15_jke,Di manakah Bilik Pensyarah L15 (JKE)?,"Bilik Pensyarah L15 (JKE) terletak di Aras 2, Blok L JKE (Jabatan Kejuruteraan Elektrik), berhadapan Kantin/Cafe B, dan bersambung dengan Blok N JKE melalui laluan di aras bawah.",Kemudahan,"l15, bilik pensyarah jke, blok l, jke, kejuruteraan elektrik, elektrik, electrical",,Where is Bilik Pensyarah L15 (JKE)?,Bilik Pensyarah L15 (JKE)在哪里？,Bilik Pensyarah L15 (JKE) எங்கே உள்ளது?
163,"Lokasi Bilik Kelas, Makmal & Bangunan PUO",bilik_bilik_pensyarah_l16_jke,Di manakah Bilik Pensyarah L16 (JKE)?,"Bilik Pensyarah L16 (JKE) terletak di Aras 2, Blok L JKE (Jabatan Kejuruteraan Elektrik), berhadapan Kantin/Cafe B, dan bersambung dengan Blok N JKE melalui laluan di aras bawah.",Kemudahan,"l16, bilik pensyarah jke, blok l, jke, kejuruteraan elektrik, elektrik, electrical",,Where is Bilik Pensyarah L16 (JKE)?,Bilik Pensyarah L16 (JKE)在哪里？,Bilik Pensyarah L16 (JKE) எங்கே உள்ளது?
164,"Lokasi Bilik Kelas, Makmal & Bangunan PUO",bilik_bilik_pensyarah_l17_jke,Di manakah Bilik Pensyarah L17 (JKE)?,"Bilik Pensyarah L17 (JKE) terletak di Aras 2, Blok L JKE (Jabatan Kejuruteraan Elektrik), berhadapan Kantin/Cafe B, dan bersambung dengan Blok N JKE melalui laluan di aras bawah.",Kemudahan,"l17, bilik pensyarah jke, blok l, jke, kejuruteraan elektrik, elektrik, electrical",,Where is Bilik Pensyarah L17 (JKE)?,Bilik Pensyarah L17 (JKE)在哪里？,Bilik Pensyarah L17 (JKE) எங்கே உள்ளது?
165,"Lokasi Bilik Kelas, Makmal & Bangunan PUO",bilik_bilik_pensyarah_l18_jke,Di manakah Bilik Pensyarah L18 (JKE)?,"Bilik Pensyarah L18 (JKE) terletak di Aras 2, Blok L JKE (Jabatan Kejuruteraan Elektrik), berhadapan Kantin/Cafe B, dan bersambung dengan Blok N JKE melalui laluan di aras bawah.",Kemudahan,"l18, bilik pensyarah jke, blok l, jke, kejuruteraan elektrik, elektrik, electrical",,Where is Bilik Pensyarah L18 (JKE)?,Bilik Pensyarah L18 (JKE)在哪里？,Bilik Pensyarah L18 (JKE) எங்கே உள்ளது?
166,"Lokasi Bilik Kelas, Makmal & Bangunan PUO",bilik_makmal_telekomunikasi_1_l21,Di manakah Makmal Telekomunikasi 1 (L21)?,"Makmal Telekomunikasi 1 (L21) terletak di Aras 3, Blok L JKE (Jabatan Kejuruteraan Elektrik), berhadapan Kantin/Cafe B, dan bersambung dengan Blok N JKE melalui laluan di aras bawah.",Makmal,"l21, telekomunikasi 1, tele komunikasi, blok l, jke, kejuruteraan elektrik, elektrik, electrical",,Where is Makmal Telekomunikasi 1 (L21)?,Makmal Telekomunikasi 1 (L21)在哪里？,Makmal Telekomunikasi 1 (L21) எங்கே உள்ளது?
167,"Lokasi Bilik Kelas, Makmal & Bangunan PUO",bilik_makmal_telekomunikasi_2_l22,Di manakah Makmal Telekomunikasi 2 (L22)?,"Makmal Telekomunikasi 2 (L22) terletak di Aras 3, Blok L JKE (Jabatan Kejuruteraan Elektrik), berhadapan Kantin/Cafe B, dan bersambung dengan Blok N JKE melalui laluan di aras bawah.",Makmal,"l22, telekomunikasi 2, tele komunikasi, blok l, jke, kejuruteraan elektrik, elektrik, electrical",,Where is Makmal Telekomunikasi 2 (L22)?,Makmal Telekomunikasi 2 (L22)在哪里？,Makmal Telekomunikasi 2 (L22) எங்கே உள்ளது?
168,"Lokasi Bilik Kelas, Makmal & Bangunan PUO",bilik_makmal_telekomunikasi_3_l23,Di manakah Makmal Telekomunikasi 3 (L23)?,"Makmal Telekomunikasi 3 (L23) terletak di Aras 3, Blok L JKE (Jabatan Kejuruteraan Elektrik), berhadapan Kantin/Cafe B, dan bersambung dengan Blok N JKE melalui laluan di aras bawah.",Makmal,"l23, telekomunikasi 3, tele komunikasi, blok l, jke, kejuruteraan elektrik, elektrik, electrical",,Where is Makmal Telekomunikasi 3 (L23)?,Makmal Telekomunikasi 3 (L23)在哪里？,Makmal Telekomunikasi 3 (L23) எங்கே உள்ளது?
169,"Lokasi Bilik Kelas, Makmal & Bangunan PUO",bilik_makmal_penyelenggaraan_baikpulih_elektrik_l24,Di manakah Makmal Penyelenggaraan & Baikpulih Elektrik (L24)?,"Makmal Penyelenggaraan & Baikpulih Elektrik (L24) terletak di Aras 3, Blok L JKE (Jabatan Kejuruteraan Elektrik), berhadapan Kantin/Cafe B, dan bersambung dengan Blok N JKE melalui laluan di aras bawah.",Makmal,"l24, penyelenggaraan, baikpulih elektrik, blok l, jke, kejuruteraan elektrik, elektrik, electrical",,Where is Makmal Penyelenggaraan & Baikpulih Elektrik (L24)?,Makmal Penyelenggaraan & Baikpulih Elektrik (L24)在哪里？,Makmal Penyelenggaraan & Baikpulih Elektrik (L24) எங்கே உள்ளது?
170,"Lokasi Bilik Kelas, Makmal & Bangunan PUO",bilik_bilik_pensyarah_l26_jke,Di manakah Bilik Pensyarah L26 (JKE)?,"Bilik Pensyarah L26 (JKE) terletak di Aras 3, Blok L JKE (Jabatan Kejuruteraan Elektrik), berhadapan Kantin/Cafe B, dan bersambung dengan Blok N JKE melalui laluan di aras bawah.",Kemudahan,"l26, bilik pensyarah jke, blok l, jke, kejuruteraan elektrik, elektrik, electrical",,Where is Bilik Pensyarah L26 (JKE)?,Bilik Pensyarah L26 (JKE)在哪里？,Bilik Pensyarah L26 (JKE) எங்கே உள்ளது?
171,"Lokasi Bilik Kelas, Makmal & Bangunan PUO",bilik_makmal_pengawal_mikro_1_l27,Di manakah Makmal Pengawal Mikro 1 (L27)?,"Makmal Pengawal Mikro 1 (L27) terletak di Aras 3, Blok L JKE (Jabatan Kejuruteraan Elektrik), berhadapan Kantin/Cafe B, dan bersambung dengan Blok N JKE melalui laluan di aras bawah.",Makmal,"l27, pengawal mikro, microcontroller, micro 1, blok l, jke, kejuruteraan elektrik, elektrik, electrical",,Where is Makmal Pengawal Mikro 1 (L27)?,Makmal Pengawal Mikro 1 (L27)在哪里？,Makmal Pengawal Mikro 1 (L27) எங்கே உள்ளது?
172,"Lokasi Bilik Kelas, Makmal & Bangunan PUO",bilik_makmal_pengawal_mikro_2_l28,Di manakah Makmal Pengawal Mikro 2 (L28)?,"Makmal Pengawal Mikro 2 (L28) terletak di Aras 3, Blok L JKE (Jabatan Kejuruteraan Elektrik), berhadapan Kantin/Cafe B, dan bersambung dengan Blok N JKE melalui laluan di aras bawah.",Makmal,"l28, pengawal mikro, microcontroller, micro 2, blok l, jke, kejuruteraan elektrik, elektrik, electrical",,Where is Makmal Pengawal Mikro 2 (L28)?,Makmal Pengawal Mikro 2 (L28)在哪里？,Makmal Pengawal Mikro 2 (L28) எங்கே உள்ளது?
173,"Lokasi Bilik Kelas, Makmal & Bangunan PUO",bangunan_jke_blok_n,Apa yang ada di Blok N JKE (Jabatan Kejuruteraan Elektrik)?,"Blok N JKE (Jabatan Kejuruteraan Elektrik) terletak berhadapan Kantin/Cafe B, dan bersambung dengan Blok L JKE melalui laluan di aras bawah. Susun atur mengikut aras — Aras 1 (tingkat bawah): Makmal Mesin Elektrik (N001), Makmal Kejuruteraan 1 (N002), Makmal Sistem Kawalan 1 (N004), Makmal Kejuruteraan 2 FTTH (N005), Makmal Projek JKE (N006), Bilik Kuliah BK1 (JKE), Etching Area, Work Area, bilik persediaan, bilik peti agihan telefon, bilik kawalan suis, rumah pam, rumah pemampat udara, tandas staf lelaki, tandas pelajar wanita; Aras 2 (tingkat satu): Makmal Baikpulih Alatan Elektronik 1 (N101), Makmal Sistem Audio Visual (N102), Makmal Sistem Kawalan 2 (N105), Makmal Komputer 1 JKE (N106), Makmal Electronic Equipment Repairing 2 (N108), Bilik Kuliah BL1 (JKE), Bilik AVA (JKE), bilik persediaan, bilik utiliti, bilik kawalan suis, tandas staf wanita, tandas pelajar lelaki; Aras 3 (tingkat dua): Bilik Kuliah BK4 (JKE), Bilik Kuliah BK5 (JKE), Bilik Kuliah BK6 (JKE), Bilik Kuliah BK7/8 (JKE), Bilik Kuliah BL2 (JKE), Makmal Komputer Diagnosis and Maintenance (N206), Makmal Komputer 2 JKE (N207), bilik persediaan, bilik utiliti, tandas pelajar lelaki, tandas pelajar wanita; Aras 4 (tingkat tiga): Bilik Kuliah BK9 (JKE), Bilik Kuliah BK10 (JKE), Bilik Kuliah BK11 (JKE), Bilik Kuliah BK12 (JKE), Bilik Kuliah BK13 (JKE), Bilik Kuliah BK14 (JKE), Bilik Kuliah BK15 (JKE), Bilik Kuliah BK16 (JKE), Bilik Kuliah BK17 (JKE), Makmal Komputer Intel (N305), bilik utiliti, tandas pelajar lelaki, tandas pelajar wanita.",Bangunan,"blok n, jke, kejuruteraan elektrik, elektrik, electrical",,What is in the Blok N JKE (Jabatan Kejuruteraan Elektrik)?,Blok N JKE (Jabatan Kejuruteraan Elektrik)里有什么？,Blok N JKE (Jabatan Kejuruteraan Elektrik)-இல் என்ன உள்ளது?
174,"Lokasi Bilik Kelas, Makmal & Bangunan PUO",bilik_makmal_mesin_elektrik_n001,Di manakah Makmal Mesin Elektrik (N001)?,"Makmal Mesin Elektrik (N001) terletak di Aras 1, Blok N JKE (Jabatan Kejuruteraan Elektrik), berhadapan Kantin/Cafe B, dan bersambung dengan Blok L JKE melalui laluan di aras bawah.",Makmal,"n001, mesin elektrik, electrical machine, blok n, jke, kejuruteraan elektrik, elektrik, electrical",,Where is Makmal Mesin Elektrik (N001)?,Makmal Mesin Elektrik (N001)在哪里？,Makmal Mesin Elektrik (N001) எங்கே உள்ளது?
175,"Lokasi Bilik Kelas, Makmal & Bangunan PUO",bilik_makmal_kejuruteraan_1_n002,Di manakah Makmal Kejuruteraan 1 (N002)?,"Makmal Kejuruteraan 1 (N002) terletak di Aras 1, Blok N JKE (Jabatan Kejuruteraan Elektrik), berhadapan Kantin/Cafe B, dan bersambung dengan Blok L JKE melalui laluan di aras bawah.",Makmal,"n002, makmal kejuruteraan 1, blok n, jke, kejuruteraan elektrik, elektrik, electrical",,Where is Makmal Kejuruteraan 1 (N002)?,Makmal Kejuruteraan 1 (N002)在哪里？,Makmal Kejuruteraan 1 (N002) எங்கே உள்ளது?
176,"Lokasi Bilik Kelas, Makmal & Bangunan PUO",bilik_makmal_sistem_kawalan_1_n004,Di manakah Makmal Sistem Kawalan 1 (N004)?,"Makmal Sistem Kawalan 1 (N004) terletak di Aras 1, Blok N JKE (Jabatan Kejuruteraan Elektrik), berhadapan Kantin/Cafe B, dan bersambung dengan Blok L JKE melalui laluan di aras bawah.",Makmal,"n004, sistem kawalan 1, control system, blok n, jke, kejuruteraan elektrik, elektrik, electrical",,Where is Makmal Sistem Kawalan 1 (N004)?,Makmal Sistem Kawalan 1 (N004)在哪里？,Makmal Sistem Kawalan 1 (N004) எங்கே உள்ளது?
177,"Lokasi Bilik Kelas, Makmal & Bangunan PUO",bilik_makmal_kejuruteraan_2_ftth_n005,Di manakah Makmal Kejuruteraan 2 FTTH (N005)?,"Makmal Kejuruteraan 2 FTTH (N005) terletak di Aras 1, Blok N JKE (Jabatan Kejuruteraan Elektrik), berhadapan Kantin/Cafe B, dan bersambung dengan Blok L JKE melalui laluan di aras bawah.",Makmal,"n005, ftth, makmal kejuruteraan 2, blok n, jke, kejuruteraan elektrik, elektrik, electrical",,Where is Makmal Kejuruteraan 2 FTTH (N005)?,Makmal Kejuruteraan 2 FTTH (N005)在哪里？,Makmal Kejuruteraan 2 FTTH (N005) எங்கே உள்ளது?
178,"Lokasi Bilik Kelas, Makmal & Bangunan PUO",bilik_makmal_projek_jke_n006,Di manakah Makmal Projek JKE (N006)?,"Makmal Projek JKE (N006) terletak di Aras 1, Blok N JKE (Jabatan Kejuruteraan Elektrik), berhadapan Kantin/Cafe B, dan bersambung dengan Blok L JKE melalui laluan di aras bawah.",Makmal,"n006, makmal projek jke, blok n, jke, kejuruteraan elektrik, elektrik, electrical",,Where is Makmal Projek JKE (N006)?,Makmal Projek JKE (N006)在哪里？,Makmal Projek JKE (N006) எங்கே உள்ளது?
179,"Lokasi Bilik Kelas, Makmal & Bangunan PUO",bilik_bilik_kuliah_bk1_jke,Di manakah Bilik Kuliah BK1 (JKE)?,"Bilik Kuliah BK1 (JKE) terletak di Aras 1, Blok N JKE (Jabatan Kejuruteraan Elektrik), berhadapan Kantin/Cafe B, dan bersambung dengan Blok L JKE melalui laluan di aras bawah.",Bilik Kelas,"bk1 jke, blok n, jke, kejuruteraan elektrik, elektrik, electrical",,Where is Bilik Kuliah BK1 (JKE)?,Bilik Kuliah BK1 (JKE)在哪里？,Bilik Kuliah BK1 (JKE) எங்கே உள்ளது?
180,"Lokasi Bilik Kelas, Makmal & Bangunan PUO",bilik_makmal_baikpulih_alatan_elektronik_1_n101,Di manakah Makmal Baikpulih Alatan Elektronik 1 (N101)?,"Makmal Baikpulih Alatan Elektronik 1 (N101) terletak di Aras 2, Blok N JKE (Jabatan Kejuruteraan Elektrik), berhadapan Kantin/Cafe B, dan bersambung dengan Blok L JKE melalui laluan di aras bawah.",Makmal,"n101, baikpulih alatan elektronik, blok n, jke, kejuruteraan elektrik, elektrik, electrical",,Where is Makmal Baikpulih Alatan Elektronik 1 (N101)?,Makmal Baikpulih Alatan Elektronik 1 (N101)在哪里？,Makmal Baikpulih Alatan Elektronik 1 (N101) எங்கே உள்ளது?
181,"Lokasi Bilik Kelas, Makmal & Bangunan PUO",bilik_makmal_sistem_audio_visual_n102,Di manakah Makmal Sistem Audio Visual (N102)?,"Makmal Sistem Audio Visual (N102) terletak di Aras 2, Blok N JKE (Jabatan Kejuruteraan Elektrik), berhadapan Kantin/Cafe B, dan bersambung dengan Blok L JKE melalui laluan di aras bawah.",Makmal,"n102, audio visual, blok n, jke, kejuruteraan elektrik, elektrik, electrical",,Where is Makmal Sistem Audio Visual (N102)?,Makmal Sistem Audio Visual (N102)在哪里？,Makmal Sistem Audio Visual (N102) எங்கே உள்ளது?
182,"Lokasi Bilik Kelas, Makmal & Bangunan PUO",bilik_makmal_sistem_kawalan_2_n105,Di manakah Makmal Sistem Kawalan 2 (N105)?,"Makmal Sistem Kawalan 2 (N105) terletak di Aras 2, Blok N JKE (Jabatan Kejuruteraan Elektrik), berhadapan Kantin/Cafe B, dan bersambung dengan Blok L JKE melalui laluan di aras bawah.",Makmal,"n105, sistem kawalan 2, control system, blok n, jke, kejuruteraan elektrik, elektrik, electrical",,Where is Makmal Sistem Kawalan 2 (N105)?,Makmal Sistem Kawalan 2 (N105)在哪里？,Makmal Sistem Kawalan 2 (N105) எங்கே உள்ளது?
183,"Lokasi Bilik Kelas, Makmal & Bangunan PUO",bilik_makmal_komputer_1_jke_n106,Di manakah Makmal Komputer 1 JKE (N106)?,"Makmal Komputer 1 JKE (N106) terletak di Aras 2, Blok N JKE (Jabatan Kejuruteraan Elektrik), berhadapan Kantin/Cafe B, dan bersambung dengan Blok L JKE melalui laluan di aras bawah.",Makmal,"n106, makmal komputer 1 jke, blok n, jke, kejuruteraan elektrik, elektrik, electrical",,Where is Makmal Komputer 1 JKE (N106)?,Makmal Komputer 1 JKE (N106)在哪里？,Makmal Komputer 1 JKE (N106) எங்கே உள்ளது?
184,"Lokasi Bilik Kelas, Makmal & Bangunan PUO",bilik_makmal_electronic_equipment_repairing_2_n108,Di manakah Makmal Electronic Equipment Repairing 2 (N108)?,"Makmal Electronic Equipment Repairing 2 (N108) terletak di Aras 2, Blok N JKE (Jabatan Kejuruteraan Elektrik), berhadapan Kantin/Cafe B, dan bersambung dengan Blok L JKE melalui laluan di aras bawah.",Makmal,"n108, electronic equipment repairing, blok n, jke, kejuruteraan elektrik, elektrik, electrical",,Where is Makmal Electronic Equipment Repairing 2 (N108)?,Makmal Electronic Equipment Repairing 2 (N108)在哪里？,Makmal Electronic Equipment Repairing 2 (N108) எங்கே உள்ளது?
185,"Lokasi Bilik Kelas, Makmal & Bangunan PUO",bilik_bilik_kuliah_bl1_jke,Di manakah Bilik Kuliah BL1 (JKE)?,"Bilik Kuliah BL1 (JKE) terletak di Aras 2, Blok N JKE (Jabatan Kejuruteraan Elektrik), berhadapan Kantin/Cafe B, dan bersambung dengan Blok L JKE melalui laluan di aras bawah.",Bilik Kelas,"bl1, blok n, jke, kejuruteraan elektrik, elektrik, electrical",,Where is Bilik Kuliah BL1 (JKE)?,Bilik Kuliah BL1 (JKE)在哪里？,Bilik Kuliah BL1 (JKE) எங்கே உள்ளது?
186,"Lokasi Bilik Kelas, Makmal & Bangunan PUO",bilik_bilik_ava_jke,Di manakah Bilik AVA (JKE)?,"Bilik AVA (JKE) terletak di Aras 2, Blok N JKE (Jabatan Kejuruteraan Elektrik), berhadapan Kantin/Cafe B, dan bersambung dengan Blok L JKE melalui laluan di aras bawah.",Kemudahan,"bilik ava jke, ava jke, blok n, jke, kejuruteraan elektrik, elektrik, electrical",,Where is Bilik AVA (JKE)?,Bilik AVA (JKE)在哪里？,Bilik AVA (JKE) எங்கே உள்ளது?
187,"Lokasi Bilik Kelas, Makmal & Bangunan PUO",bilik_bilik_kuliah_bk4_jke,Di manakah Bilik Kuliah BK4 (JKE)?,"Bilik Kuliah BK4 (JKE) terletak di Aras 3, Blok N JKE (Jabatan Kejuruteraan Elektrik), berhadapan Kantin/Cafe B, dan bersambung dengan Blok L JKE melalui laluan di aras bawah.",Bilik Kelas,"bk4 jke, blok n, jke, kejuruteraan elektrik, elektrik, electrical",,Where is Bilik Kuliah BK4 (JKE)?,Bilik Kuliah BK4 (JKE)在哪里？,Bilik Kuliah BK4 (JKE) எங்கே உள்ளது?
188,"Lokasi Bilik Kelas, Makmal & Bangunan PUO",bilik_bilik_kuliah_bk5_jke,Di manakah Bilik Kuliah BK5 (JKE)?,"Bilik Kuliah BK5 (JKE) terletak di Aras 3, Blok N JKE (Jabatan Kejuruteraan Elektrik), berhadapan Kantin/Cafe B, dan bersambung dengan Blok L JKE melalui laluan di aras bawah.",Bilik Kelas,"bk5 jke, blok n, jke, kejuruteraan elektrik, elektrik, electrical",,Where is Bilik Kuliah BK5 (JKE)?,Bilik Kuliah BK5 (JKE)在哪里？,Bilik Kuliah BK5 (JKE) எங்கே உள்ளது?
189,"Lokasi Bilik Kelas, Makmal & Bangunan PUO",bilik_bilik_kuliah_bk6_jke,Di manakah Bilik Kuliah BK6 (JKE)?,"Bilik Kuliah BK6 (JKE) terletak di Aras 3, Blok N JKE (Jabatan Kejuruteraan Elektrik), berhadapan Kantin/Cafe B, dan bersambung dengan Blok L JKE melalui laluan di aras bawah.",Bilik Kelas,"bk6 jke, blok n, jke, kejuruteraan elektrik, elektrik, electrical",,Where is Bilik Kuliah BK6 (JKE)?,Bilik Kuliah BK6 (JKE)在哪里？,Bilik Kuliah BK6 (JKE) எங்கே உள்ளது?
190,"Lokasi Bilik Kelas, Makmal & Bangunan PUO",bilik_bilik_kuliah_bk7_8_jke,Di manakah Bilik Kuliah BK7/8 (JKE)?,"Bilik Kuliah BK7/8 (JKE) terletak di Aras 3, Blok N JKE (Jabatan Kejuruteraan Elektrik), berhadapan Kantin/Cafe B, dan bersambung dengan Blok L JKE melalui laluan di aras bawah.",Bilik Kelas,"bk7, bk8, bk7/8, bk 7/8, blok n, jke, kejuruteraan elektrik, elektrik, electrical",,Where is Bilik Kuliah BK7/8 (JKE)?,Bilik Kuliah BK7/8 (JKE)在哪里？,Bilik Kuliah BK7/8 (JKE) எங்கே உள்ளது?
191,"Lokasi Bilik Kelas, Makmal & Bangunan PUO",bilik_bilik_kuliah_bl2_jke,Di manakah Bilik Kuliah BL2 (JKE)?,"Bilik Kuliah BL2 (JKE) terletak di Aras 3, Blok N JKE (Jabatan Kejuruteraan Elektrik), berhadapan Kantin/Cafe B, dan bersambung dengan Blok L JKE melalui laluan di aras bawah.",Bilik Kelas,"bl2, blok n, jke, kejuruteraan elektrik, elektrik, electrical",,Where is Bilik Kuliah BL2 (JKE)?,Bilik Kuliah BL2 (JKE)在哪里？,Bilik Kuliah BL2 (JKE) எங்கே உள்ளது?
192,"Lokasi Bilik Kelas, Makmal & Bangunan PUO",bilik_makmal_komputer_diagnosis_and_maintenance_n206,Di manakah Makmal Komputer Diagnosis and Maintenance (N206)?,"Makmal Komputer Diagnosis and Maintenance (N206) terletak di Aras 3, Blok N JKE (Jabatan Kejuruteraan Elektrik), berhadapan Kantin/Cafe B, dan bersambung dengan Blok L JKE melalui laluan di aras bawah.",Makmal,"n206, diagnosis, maintenance, blok n, jke, kejuruteraan elektrik, elektrik, electrical",,Where is Makmal Komputer Diagnosis and Maintenance (N206)?,Makmal Komputer Diagnosis and Maintenance (N206)在哪里？,Makmal Komputer Diagnosis and Maintenance (N206) எங்கே உள்ளது?
193,"Lokasi Bilik Kelas, Makmal & Bangunan PUO",bilik_makmal_komputer_2_jke_n207,Di manakah Makmal Komputer 2 JKE (N207)?,"Makmal Komputer 2 JKE (N207) terletak di Aras 3, Blok N JKE (Jabatan Kejuruteraan Elektrik), berhadapan Kantin/Cafe B, dan bersambung dengan Blok L JKE melalui laluan di aras bawah.",Makmal,"n207, makmal komputer 2 jke, blok n, jke, kejuruteraan elektrik, elektrik, electrical",,Where is Makmal Komputer 2 JKE (N207)?,Makmal Komputer 2 JKE (N207)在哪里？,Makmal Komputer 2 JKE (N207) எங்கே உள்ளது?
194,"Lokasi Bilik Kelas, Makmal & Bangunan PUO",bilik_bilik_kuliah_bk9_jke,Di manakah Bilik Kuliah BK9 (JKE)?,"Bilik Kuliah BK9 (JKE) terletak di Aras 4, Blok N JKE (Jabatan Kejuruteraan Elektrik), berhadapan Kantin/Cafe B, dan bersambung dengan Blok L JKE melalui laluan di aras bawah.",Bilik Kelas,"bk9, bk 9, blok n, jke, kejuruteraan elektrik, elektrik, electrical",,Where is Bilik Kuliah BK9 (JKE)?,Bilik Kuliah BK9 (JKE)在哪里？,Bilik Kuliah BK9 (JKE) எங்கே உள்ளது?
195,"Lokasi Bilik Kelas, Makmal & Bangunan PUO",bilik_bilik_kuliah_bk10_jke,Di manakah Bilik Kuliah BK10 (JKE)?,"Bilik Kuliah BK10 (JKE) terletak di Aras 4, Blok N JKE (Jabatan Kejuruteraan Elektrik), berhadapan Kantin/Cafe B, dan bersambung dengan Blok L JKE melalui laluan di aras bawah.",Bilik Kelas,"bk10, bk 10, blok n, jke, kejuruteraan elektrik, elektrik, electrical",,Where is Bilik Kuliah BK10 (JKE)?,Bilik Kuliah BK10 (JKE)在哪里？,Bilik Kuliah BK10 (JKE) எங்கே உள்ளது?
196,"Lokasi Bilik Kelas, Makmal & Bangunan PUO",bilik_bilik_kuliah_bk11_jke,Di manakah Bilik Kuliah BK11 (JKE)?,"Bilik Kuliah BK11 (JKE) terletak di Aras 4, Blok N JKE (Jabatan Kejuruteraan Elektrik), berhadapan Kantin/Cafe B, dan bersambung dengan Blok L JKE melalui laluan di aras bawah.",Bilik Kelas,"bk11, bk 11, blok n, jke, kejuruteraan elektrik, elektrik, electrical",,Where is Bilik Kuliah BK11 (JKE)?,Bilik Kuliah BK11 (JKE)在哪里？,Bilik Kuliah BK11 (JKE) எங்கே உள்ளது?
197,"Lokasi Bilik Kelas, Makmal & Bangunan PUO",bilik_bilik_kuliah_bk12_jke,Di manakah Bilik Kuliah BK12 (JKE)?,"Bilik Kuliah BK12 (JKE) terletak di Aras 4, Blok N JKE (Jabatan Kejuruteraan Elektrik), berhadapan Kantin/Cafe B, dan bersambung dengan Blok L JKE melalui laluan di aras bawah.",Bilik Kelas,"bk12, bk 12, blok n, jke, kejuruteraan elektrik, elektrik, electrical",,Where is Bilik Kuliah BK12 (JKE)?,Bilik Kuliah BK12 (JKE)在哪里？,Bilik Kuliah BK12 (JKE) எங்கே உள்ளது?
198,"Lokasi Bilik Kelas, Makmal & Bangunan PUO",bilik_bilik_kuliah_bk13_jke,Di manakah Bilik Kuliah BK13 (JKE)?,"Bilik Kuliah BK13 (JKE) terletak di Aras 4, Blok N JKE (Jabatan Kejuruteraan Elektrik), berhadapan Kantin/Cafe B, dan bersambung dengan Blok L JKE melalui laluan di aras bawah.",Bilik Kelas,"bk13, bk 13, blok n, jke, kejuruteraan elektrik, elektrik, electrical",,Where is Bilik Kuliah BK13 (JKE)?,Bilik Kuliah BK13 (JKE)在哪里？,Bilik Kuliah BK13 (JKE) எங்கே உள்ளது?
199,"Lokasi Bilik Kelas, Makmal & Bangunan PUO",bilik_bilik_kuliah_bk14_jke,Di manakah Bilik Kuliah BK14 (JKE)?,"Bilik Kuliah BK14 (JKE) terletak di Aras 4, Blok N JKE (Jabatan Kejuruteraan Elektrik), berhadapan Kantin/Cafe B, dan bersambung dengan Blok L JKE melalui laluan di aras bawah.",Bilik Kelas,"bk14, bk 14, blok n, jke, kejuruteraan elektrik, elektrik, electrical",,Where is Bilik Kuliah BK14 (JKE)?,Bilik Kuliah BK14 (JKE)在哪里？,Bilik Kuliah BK14 (JKE) எங்கே உள்ளது?
200,"Lokasi Bilik Kelas, Makmal & Bangunan PUO",bilik_bilik_kuliah_bk15_jke,Di manakah Bilik Kuliah BK15 (JKE)?,"Bilik Kuliah BK15 (JKE) terletak di Aras 4, Blok N JKE (Jabatan Kejuruteraan Elektrik), berhadapan Kantin/Cafe B, dan bersambung dengan Blok L JKE melalui laluan di aras bawah.",Bilik Kelas,"bk15, bk 15, blok n, jke, kejuruteraan elektrik, elektrik, electrical",,Where is Bilik Kuliah BK15 (JKE)?,Bilik Kuliah BK15 (JKE)在哪里？,Bilik Kuliah BK15 (JKE) எங்கே உள்ளது?
201,"Lokasi Bilik Kelas, Makmal & Bangunan PUO",bilik_bilik_kuliah_bk16_jke,Di manakah Bilik Kuliah BK16 (JKE)?,"Bilik Kuliah BK16 (JKE) terletak di Aras 4, Blok N JKE (Jabatan Kejuruteraan Elektrik), berhadapan Kantin/Cafe B, dan bersambung dengan Blok L JKE melalui laluan di aras bawah.",Bilik Kelas,"bk16, bk 16, blok n, jke, kejuruteraan elektrik, elektrik, electrical",,Where is Bilik Kuliah BK16 (JKE)?,Bilik Kuliah BK16 (JKE)在哪里？,Bilik Kuliah BK16 (JKE) எங்கே உள்ளது?
202,"Lokasi Bilik Kelas, Makmal & Bangunan PUO",bilik_bilik_kuliah_bk17_jke,Di manakah Bilik Kuliah BK17 (JKE)?,"Bilik Kuliah BK17 (JKE) terletak di Aras 4, Blok N JKE (Jabatan Kejuruteraan Elektrik), berhadapan Kantin/Cafe B, dan bersambung dengan Blok L JKE melalui laluan di aras bawah.",Bilik Kelas,"bk17, bk 17, blok n, jke, kejuruteraan elektrik, elektrik, electrical",,Where is Bilik Kuliah BK17 (JKE)?,Bilik Kuliah BK17 (JKE)在哪里？,Bilik Kuliah BK17 (JKE) எங்கே உள்ளது?
203,"Lokasi Bilik Kelas, Makmal & Bangunan PUO",bilik_makmal_komputer_intel_n305,Di manakah Makmal Komputer Intel (N305)?,"Makmal Komputer Intel (N305) terletak di Aras 4, Blok N JKE (Jabatan Kejuruteraan Elektrik), berhadapan Kantin/Cafe B, dan bersambung dengan Blok L JKE melalui laluan di aras bawah.",Makmal,"n305, intel, makmal komputer intel, blok n, jke, kejuruteraan elektrik, elektrik, electrical",,Where is Makmal Komputer Intel (N305)?,Makmal Komputer Intel (N305)在哪里？,Makmal Komputer Intel (N305) எங்கே உள்ளது?
204,"Lokasi Bilik Kelas, Makmal & Bangunan PUO",lokasi_bangunan_jkm_makmal_bengkel,Di manakah Bangunan JKM (Makmal & Bengkel)?,"Bangunan JKM terletak berhadapan Dewan Jubli Perak dan Perpustakaan. Ia menempatkan Bengkel Kerja Kayu, Makmal Konkrit, Makmal Ukur, Bengkel Kerja Paip, Makmal Mekanik Tanah, Makmal Hidraul dan tandas pelajar. Bengkel Kerja Bata pula terletak di belakang Bangunan Asasi TVET.",Makmal,"bangunan jkm, jkm, bengkel kerja kayu, makmal konkrit, makmal ukur, bengkel kerja paip, makmal mekanik tanah, makmal hidraul, jubli perak, perpustakaan",,Where is Bangunan JKM (Makmal & Bengkel)?,Bangunan JKM (Makmal & Bengkel)在哪里？,Bangunan JKM (Makmal & Bengkel) எங்கே உள்ளது?
205,"Lokasi Bilik Kelas, Makmal & Bangunan PUO",lokasi_bengkel_kerja_bata,Di manakah Bengkel Kerja Bata?,Bengkel Kerja Bata terletak di belakang Bangunan Asasi TVET.,Makmal,"bengkel kerja bata, bengkel bata, bricklaying",,Where is Bengkel Kerja Bata?,Bengkel Kerja Bata在哪里？,Bengkel Kerja Bata எங்கே உள்ளது?
206,"Lokasi Bilik Kelas, Makmal & Bangunan PUO",lokasi_makmal_dan_bengkel_jkm,Di manakah Makmal dan Bengkel JKM?,"Makmal dan bengkel Jabatan Kejuruteraan Mekanikal (JKM) termasuk Centre of Technology Aircond, Bengkel Mesin, Makmal CAD/CAM, Makmal Loji, Makmal Bahan, Bengkel Kimpalan, Bengkel Automotif, Bengkel Penyejukan dan Penyamanan Udara, Bengkel Pemasangan Pendawaian (JKE), Makmal Jangkawas, Makmal AKM, Bengkel Foundri dan Bengkel Gegas. Lokasi tepat setiap makmal belum direkodkan; sila rujuk pejabat JKM.",Makmal,"makmal jkm, bengkel jkm, bengkel mesin, cadcam, makmal loji, makmal bahan, bengkel kimpalan, bengkel automotif, aircond, foundri, gegas, akm",,Where is Makmal dan Bengkel JKM?,Makmal dan Bengkel JKM在哪里？,Makmal dan Bengkel JKM எங்கே உள்ளது?
207,"Lokasi Bilik Kelas, Makmal & Bangunan PUO",lokasi_unit_psikologi,Di manakah Unit Psikologi?,"Terdapat dua lokasi Unit Psikologi di PUO: (1) di Kampus B (Unit Pengurusan Psikologi), dan (2) di aras bawah Bangunan Jabatan Teknologi Maklumat dan Komunikasi (JTMK). Unit Psikologi Kampus B dibuka Isnin hingga Jumaat, 8.00 pagi – 5.00 petang (rehat 1.00 – 2.00 tengah hari; Jumaat 12.15 – 2.45 petang), dan tutup pada Sabtu, Ahad serta cuti umum.",Kemudahan,"unit psikologi, unit pengurusan psikologi, psychology unit, kaunseling, kaunselor, counselling",,Where is Unit Psikologi?,Unit Psikologi在哪里？,Unit Psikologi எங்கே உள்ளது?
208,"Lokasi Bilik Kelas, Makmal & Bangunan PUO",lokasi_jabatan_kejuruteraan_awam_jka,Di manakah Jabatan Kejuruteraan Awam (JKA)?,"JKA mempunyai bangunan di dua kampus: Bangunan JKA di Kampus A (bersebelahan Bangunan Asasi TVET) untuk pelajar kejuruteraan awam, dan Bangunan Seni Bina (JKA) di Kampus B untuk pelajar seni bina.",Kemudahan,"jka, kejuruteraan awam, civil, seni bina, senibina, kampus a, kampus b",,Where is Jabatan Kejuruteraan Awam (JKA)?,Jabatan Kejuruteraan Awam (JKA)在哪里？,Jabatan Kejuruteraan Awam (JKA) எங்கே உள்ளது?
209,"Lokasi Bilik Kelas, Makmal & Bangunan PUO",lokasi_jabatan_kejuruteraan_elektrik_jke,Di manakah Jabatan Kejuruteraan Elektrik (JKE)?,"Bangunan Jabatan Kejuruteraan Elektrik (JKE) terdiri daripada Blok L dan Blok N, yang bersambung melalui laluan di aras bawah. Bangunan JKE terletak berhadapan Kantin/Cafe B, sama seperti Bangunan JTMK.",Kemudahan,"jke, kejuruteraan elektrik, electrical, blok l, blok n, cafe b, kantin b",,Where is Jabatan Kejuruteraan Elektrik (JKE)?,Jabatan Kejuruteraan Elektrik (JKE)在哪里？,Jabatan Kejuruteraan Elektrik (JKE) எங்கே உள்ளது?
210,"Lokasi Bilik Kelas, Makmal & Bangunan PUO",lokasi_bilik_seni_tari,Di manakah Bilik Seni Tari?,"Bilik Seni Tari terletak di Kampus B, bersebelahan Dewan Sri Kinta dan di belakang bilik kuliah Kampus B.",Kemudahan,"seni tari, tarian, dance",,Where is Bilik Seni Tari?,Bilik Seni Tari在哪里？,Bilik Seni Tari எங்கே உள்ளது?
211,"Lokasi Bilik Kelas, Makmal & Bangunan PUO",lokasi_studio_6a_studio_7_seni_bina,Di manakah Studio 6A / Studio 7 Seni Bina?,"Studio 6A dan Studio 7 (Seni Bina JKA) terletak di Kampus B, bersebelahan/di belakang Kantin/Cafe C.",Makmal,"studio 6a, studio 6, studio 7, seni bina, jka, cafe c, kantin c",,Where is Studio 6A / Studio 7 Seni Bina?,Studio 6A / Studio 7 Seni Bina在哪里？,Studio 6A / Studio 7 Seni Bina எங்கே உள்ளது?
212,"Lokasi Bilik Kelas, Makmal & Bangunan PUO",lokasi_care_training_centre,Di manakah CARe Training Centre?,"CARe Training Centre terletak di Kampus A, di belakang Kantin/Cafe A.",Kemudahan,"care training centre, care, training centre",,Where is CARe Training Centre?,CARe Training Centre在哪里？,CARe Training Centre எங்கே உள்ளது?
213,"Lokasi Bilik Kelas, Makmal & Bangunan PUO",lokasi_student_centre,Di manakah Student Centre?,"Student Centre terletak di Kampus A, di belakang Kantin/Cafe A.",Kemudahan,"student centre, student center, pusat pelajar",,Where is Student Centre?,Student Centre在哪里？,Student Centre எங்கே உள்ளது?
214,"Lokasi Bilik Kelas, Makmal & Bangunan PUO",lokasi_makmal_fizik_dan_sains_asasi_tvet,Di manakah Makmal Fizik dan Sains Asasi TVET?,"Makmal Fizik dan Sains Asasi TVET terletak di bangunan baharu di Kampus A, berhadapan Kantin/Cafe A.",Makmal,"makmal fizik, makmal sains, asasi, tvet, physics lab",,Where is Makmal Fizik dan Sains Asasi TVET?,Makmal Fizik dan Sains Asasi TVET在哪里？,Makmal Fizik dan Sains Asasi TVET எங்கே உள்ளது?
215,"Lokasi Bilik Kelas, Makmal & Bangunan PUO",lokasi_anjung_premier,Di manakah Anjung Premier?,"Anjung Premier terletak di Kampus A, di sebelah Pintu/Pagar Utama (tepi jalan).",Kemudahan,"anjung premier, anjung primier, pagar utama, main gate",,Where is Anjung Premier?,Anjung Premier在哪里？,Anjung Premier எங்கே உள்ளது?
216,"Lokasi Bilik Kelas, Makmal & Bangunan PUO",lokasi_bilik_hal_ehwal_pelajar_kampus_b,Di manakah Bilik Hal Ehwal Pelajar (Kampus B)?,"Di Kampus B, Bilik Hal Ehwal Pelajar terletak di aras bawah bangunan sebelah gelanggang, bersama bilik pensyarah, Bilik Nasyid dan tandas kakitangan.",Kemudahan,"hal ehwal pelajar, hep, jhep, gelanggang, kampus b",,Where is Bilik Hal Ehwal Pelajar (Kampus B)?,Bilik Hal Ehwal Pelajar (Kampus B)在哪里？,Bilik Hal Ehwal Pelajar (Kampus B) எங்கே உள்ளது?
217,"Lokasi Bilik Kelas, Makmal & Bangunan PUO",lokasi_bilik_nasyid,Di manakah Bilik Nasyid?,"Bilik Nasyid terletak di Kampus B, di aras bawah bangunan sebelah gelanggang.",Kemudahan,"nasyid, bilik nasyid",,Where is Bilik Nasyid?,Bilik Nasyid在哪里？,Bilik Nasyid எங்கே உள்ளது?
218,"Lokasi Bilik Kelas, Makmal & Bangunan PUO",lokasi_bilik_pensyarah_agama,Di manakah Bilik Pensyarah Agama?,"Bilik Pensyarah Agama terletak di Kampus B, di sebelah surau. Di sebelahnya ialah Bilik Wawasan.",Kemudahan,"pensyarah agama, ustaz, ustazah, surau kampus b",,Where is Bilik Pensyarah Agama?,Bilik Pensyarah Agama在哪里？,Bilik Pensyarah Agama எங்கே உள்ளது?
219,"Lokasi Bilik Kelas, Makmal & Bangunan PUO",lokasi_bilik_wawasan,Di manakah Bilik Wawasan?,"Bilik Wawasan terletak di Kampus B, bersebelahan Bilik Pensyarah Agama (sebelah surau).",Kemudahan,"bilik wawasan, wawasan",,Where is Bilik Wawasan?,Bilik Wawasan在哪里？,Bilik Wawasan எங்கே உள்ளது?
220,"Lokasi Bilik Kelas, Makmal & Bangunan PUO",lokasi_bilik_digital_cubix,Di manakah Bilik Digital Cubix?,"Bilik Digital Cubix terletak di Kampus B, di sebelah surau.",Kemudahan,"digital cubix, cubix",,Where is Bilik Digital Cubix?,Bilik Digital Cubix在哪里？,Bilik Digital Cubix எங்கே உள்ளது?
221,"Lokasi Bilik Kelas, Makmal & Bangunan PUO",lokasi_dataran_dan_pondok_depan_surau_kampus_b,Di manakah Dataran dan Pondok depan Surau Kampus B?,Di hadapan Surau Kampus B terdapat dataran yang mempunyai pondok untuk pelajar berehat.,Kemudahan,"dataran, pondok, wakaf, surau kampus b, lepak",,Where is Dataran dan Pondok depan Surau Kampus B?,Dataran dan Pondok depan Surau Kampus B在哪里？,Dataran dan Pondok depan Surau Kampus B எங்கே உள்ளது?
222,"Lokasi Bilik Kelas, Makmal & Bangunan PUO",bilik_staf_jtmk_staff_room_level_2_1,Siapa yang ada di Staff Room Level 2 (1) JTMK?,"Staff Room Level 2 (1) terletak di Aras 2, Bangunan Jabatan Teknologi Maklumat dan Komunikasi (JTMK). Staf di bilik ini: Pn. Nur Afni binti Abu Hasan; Cik Anis Fatiha binti Ahmad Sahimi @ Shuhaimi; Pn. Emy Hazlinda binti Mohammad Ridzwan; En. Muhammad Anwar bin Abdul Halim; En. Zulfikhri bin Sabri.",Bilik Pensyarah,"staff room level 2 (1), staff room, bilik staf, bilik pensyarah, jtmk",,Who is in Staff Room Level 2 (1) at JTMK?,JTMK的Staff Room Level 2 (1)里有哪些职员？,JTMK-இன் Staff Room Level 2 (1)-இல் யார் உள்ளனர்?
223,"Lokasi Bilik Kelas, Makmal & Bangunan PUO",bilik_staf_nur_afni_binti_abu_hasan,Di manakah bilik Pn. Nur Afni binti Abu Hasan?,"Bilik Pn. Nur Afni binti Abu Hasan terletak di Staff Room Level 2 (1), Aras 2, Bangunan Jabatan Teknologi Maklumat dan Komunikasi (JTMK).",Bilik Pensyarah,"nur afni binti abu hasan, nur afni, bilik pensyarah, bilik staf, jtmk",,Where is Pn. Nur Afni binti Abu Hasan's office?,Pn. Nur Afni binti Abu Hasan的办公室在哪里？,Pn. Nur Afni binti Abu Hasan-இன் அலுவலகம் எங்கே உள்ளது?
224,"Lokasi Bilik Kelas, Makmal & Bangunan PUO",bilik_staf_cik_anis_fatiha_binti_ahmad_sahimi_shuhaimi,Di manakah bilik Cik Anis Fatiha binti Ahmad Sahimi @ Shuhaimi?,"Bilik Cik Anis Fatiha binti Ahmad Sahimi @ Shuhaimi terletak di Staff Room Level 2 (1), Aras 2, Bangunan Jabatan Teknologi Maklumat dan Komunikasi (JTMK).",Bilik Pensyarah,"cik anis fatiha binti ahmad sahimi @ shuhaimi, cik anis fatiha, bilik pensyarah, bilik staf, jtmk",,Where is Cik Anis Fatiha binti Ahmad Sahimi @ Shuhaimi's office?,Cik Anis Fatiha binti Ahmad Sahimi @ Shuhaimi的办公室在哪里？,Cik Anis Fatiha binti Ahmad Sahimi @ Shuhaimi-இன் அலுவலகம் எங்கே உள்ளது?
225,"Lokasi Bilik Kelas, Makmal & Bangunan PUO",bilik_staf_emy_hazlinda_binti_mohammad_ridzwan,Di manakah bilik Pn. Emy Hazlinda binti Mohammad Ridzwan?,"Bilik Pn. Emy Hazlinda binti Mohammad Ridzwan terletak di Staff Room Level 2 (1), Aras 2, Bangunan Jabatan Teknologi Maklumat dan Komunikasi (JTMK).",Bilik Pensyarah,"emy hazlinda binti mohammad ridzwan, emy hazlinda, bilik pensyarah, bilik staf, jtmk",,Where is Pn. Emy Hazlinda binti Mohammad Ridzwan's office?,Pn. Emy Hazlinda binti Mohammad Ridzwan的办公室在哪里？,Pn. Emy Hazlinda binti Mohammad Ridzwan-இன் அலுவலகம் எங்கே உள்ளது?
226,"Lokasi Bilik Kelas, Makmal & Bangunan PUO",bilik_staf_muhammad_anwar_bin_abdul_halim,Di manakah bilik En. Muhammad Anwar bin Abdul Halim?,"Bilik En. Muhammad Anwar bin Abdul Halim terletak di Staff Room Level 2 (1), Aras 2, Bangunan Jabatan Teknologi Maklumat dan Komunikasi (JTMK).",Bilik Pensyarah,"muhammad anwar bin abdul halim, muhammad anwar, bilik pensyarah, bilik staf, jtmk",,Where is En. Muhammad Anwar bin Abdul Halim's office?,En. Muhammad Anwar bin Abdul Halim的办公室在哪里？,En. Muhammad Anwar bin Abdul Halim-இன் அலுவலகம் எங்கே உள்ளது?
227,"Lokasi Bilik Kelas, Makmal & Bangunan PUO",bilik_staf_zulfikhri_bin_sabri,Di manakah bilik En. Zulfikhri bin Sabri?,"Bilik En. Zulfikhri bin Sabri terletak di Staff Room Level 2 (1), Aras 2, Bangunan Jabatan Teknologi Maklumat dan Komunikasi (JTMK).",Bilik Pensyarah,"zulfikhri bin sabri, zulfikhri, bilik pensyarah, bilik staf, jtmk",,Where is En. Zulfikhri bin Sabri's office?,En. Zulfikhri bin Sabri的办公室在哪里？,En. Zulfikhri bin Sabri-இன் அலுவலகம் எங்கே உள்ளது?
228,"Lokasi Bilik Kelas, Makmal & Bangunan PUO",bilik_staf_jtmk_staff_room_level_2_2,Siapa yang ada di Staff Room Level 2 (2) JTMK?,"Staff Room Level 2 (2) terletak di Aras 2, Bangunan Jabatan Teknologi Maklumat dan Komunikasi (JTMK). Staf di bilik ini: Pn. Nurainah binti Abu Bakar; Pn. Rozita binti Mohd Mokhtar; En. Mohd Assidiq bin Che Ahmad; Pn. Noraazizom binti Mohd Noor; Ts. Tajul Azhar bin Mohd Tajul Ariffin.",Bilik Pensyarah,"staff room level 2 (2), staff room, bilik staf, bilik pensyarah, jtmk",,Who is in Staff Room Level 2 (2) at JTMK?,JTMK的Staff Room Level 2 (2)里有哪些职员？,JTMK-இன் Staff Room Level 2 (2)-இல் யார் உள்ளனர்?
229,"Lokasi Bilik Kelas, Makmal & Bangunan PUO",bilik_staf_nurainah_binti_abu_bakar,Di manakah bilik Pn. Nurainah binti Abu Bakar?,"Bilik Pn. Nurainah binti Abu Bakar terletak di Staff Room Level 2 (2), Aras 2, Bangunan Jabatan Teknologi Maklumat dan Komunikasi (JTMK).",Bilik Pensyarah,"nurainah binti abu bakar, nurainah, bilik pensyarah, bilik staf, jtmk",,Where is Pn. Nurainah binti Abu Bakar's office?,Pn. Nurainah binti Abu Bakar的办公室在哪里？,Pn. Nurainah binti Abu Bakar-இன் அலுவலகம் எங்கே உள்ளது?
230,"Lokasi Bilik Kelas, Makmal & Bangunan PUO",bilik_staf_rozita_binti_mohd_mokhtar,Di manakah bilik Pn. Rozita binti Mohd Mokhtar?,"Bilik Pn. Rozita binti Mohd Mokhtar terletak di Staff Room Level 2 (2), Aras 2, Bangunan Jabatan Teknologi Maklumat dan Komunikasi (JTMK).",Bilik Pensyarah,"rozita binti mohd mokhtar, rozita, bilik pensyarah, bilik staf, jtmk",,Where is Pn. Rozita binti Mohd Mokhtar's office?,Pn. Rozita binti Mohd Mokhtar的办公室在哪里？,Pn. Rozita binti Mohd Mokhtar-இன் அலுவலகம் எங்கே உள்ளது?
231,"Lokasi Bilik Kelas, Makmal & Bangunan PUO",bilik_staf_mohd_assidiq_bin_che_ahmad,Di manakah bilik En. Mohd Assidiq bin Che Ahmad?,"Bilik En. Mohd Assidiq bin Che Ahmad terletak di Staff Room Level 2 (2), Aras 2, Bangunan Jabatan Teknologi Maklumat dan Komunikasi (JTMK).",Bilik Pensyarah,"mohd assidiq bin che ahmad, mohd assidiq, bilik pensyarah, bilik staf, jtmk",,Where is En. Mohd Assidiq bin Che Ahmad's office?,En. Mohd Assidiq bin Che Ahmad的办公室在哪里？,En. Mohd Assidiq bin Che Ahmad-இன் அலுவலகம் எங்கே உள்ளது?
232,"Lokasi Bilik Kelas, Makmal & Bangunan PUO",bilik_staf_noraazizom_binti_mohd_noor,Di manakah bilik Pn. Noraazizom binti Mohd Noor?,"Bilik Pn. Noraazizom binti Mohd Noor terletak di Staff Room Level 2 (2), Aras 2, Bangunan Jabatan Teknologi Maklumat dan Komunikasi (JTMK).",Bilik Pensyarah,"noraazizom binti mohd noor, noraazizom, bilik pensyarah, bilik staf, jtmk",,Where is Pn. Noraazizom binti Mohd Noor's office?,Pn. Noraazizom binti Mohd Noor的办公室在哪里？,Pn. Noraazizom binti Mohd Noor-இன் அலுவலகம் எங்கே உள்ளது?
233,"Lokasi Bilik Kelas, Makmal & Bangunan PUO",bilik_staf_tajul_azhar_bin_mohd_tajul_ariffin,Di manakah bilik Ts. Tajul Azhar bin Mohd Tajul Ariffin?,"Bilik Ts. Tajul Azhar bin Mohd Tajul Ariffin terletak di Staff Room Level 2 (2), Aras 2, Bangunan Jabatan Teknologi Maklumat dan Komunikasi (JTMK).",Bilik Pensyarah,"tajul azhar bin mohd tajul ariffin, tajul azhar, bilik pensyarah, bilik staf, jtmk",,Where is Ts. Tajul Azhar bin Mohd Tajul Ariffin's office?,Ts. Tajul Azhar bin Mohd Tajul Ariffin的办公室在哪里？,Ts. Tajul Azhar bin Mohd Tajul Ariffin-இன் அலுவலகம் எங்கே உள்ளது?
234,"Lokasi Bilik Kelas, Makmal & Bangunan PUO",bilik_staf_jtmk_exam_unit_l2,Siapa yang ada di Exam Unit (L2) JTMK?,"Exam Unit (L2) terletak di Aras 2, Bangunan Jabatan Teknologi Maklumat dan Komunikasi (JTMK). Staf di bilik ini: Pn. Faridah binti Jamil; En. Nurul Ahmad Nizam bin Taher; Tn. Hj. Mohd Hamzi bin Mohd Safian; Pn. Norhanani binti Mohd Yusof; En. Mohd Hazri bin Hasnan.",Bilik Pensyarah,"exam unit (l2), staff room, bilik staf, bilik pensyarah, jtmk",,Who is in Exam Unit (L2) at JTMK?,JTMK的Exam Unit (L2)里有哪些职员？,JTMK-இன் Exam Unit (L2)-இல் யார் உள்ளனர்?
235,"Lokasi Bilik Kelas, Makmal & Bangunan PUO",bilik_staf_faridah_binti_jamil,Di manakah bilik Pn. Faridah binti Jamil?,"Bilik Pn. Faridah binti Jamil terletak di Exam Unit (L2), Aras 2, Bangunan Jabatan Teknologi Maklumat dan Komunikasi (JTMK).",Bilik Pensyarah,"faridah binti jamil, faridah, bilik pensyarah, bilik staf, jtmk",,Where is Pn. Faridah binti Jamil's office?,Pn. Faridah binti Jamil的办公室在哪里？,Pn. Faridah binti Jamil-இன் அலுவலகம் எங்கே உள்ளது?
236,"Lokasi Bilik Kelas, Makmal & Bangunan PUO",bilik_staf_nurul_ahmad_nizam_bin_taher,Di manakah bilik En. Nurul Ahmad Nizam bin Taher?,"Bilik En. Nurul Ahmad Nizam bin Taher terletak di Exam Unit (L2), Aras 2, Bangunan Jabatan Teknologi Maklumat dan Komunikasi (JTMK).",Bilik Pensyarah,"nurul ahmad nizam bin taher, nurul ahmad nizam, bilik pensyarah, bilik staf, jtmk",,Where is En. Nurul Ahmad Nizam bin Taher's office?,En. Nurul Ahmad Nizam bin Taher的办公室在哪里？,En. Nurul Ahmad Nizam bin Taher-இன் அலுவலகம் எங்கே உள்ளது?
237,"Lokasi Bilik Kelas, Makmal & Bangunan PUO",bilik_staf_mohd_hamzi_bin_mohd_safian,Di manakah bilik Tn. Hj. Mohd Hamzi bin Mohd Safian?,"Bilik Tn. Hj. Mohd Hamzi bin Mohd Safian terletak di Exam Unit (L2), Aras 2, Bangunan Jabatan Teknologi Maklumat dan Komunikasi (JTMK).",Bilik Pensyarah,"mohd hamzi bin mohd safian, mohd hamzi, bilik pensyarah, bilik staf, jtmk",,Where is Tn. Hj. Mohd Hamzi bin Mohd Safian's office?,Tn. Hj. Mohd Hamzi bin Mohd Safian的办公室在哪里？,Tn. Hj. Mohd Hamzi bin Mohd Safian-இன் அலுவலகம் எங்கே உள்ளது?
238,"Lokasi Bilik Kelas, Makmal & Bangunan PUO",bilik_staf_norhanani_binti_mohd_yusof,Di manakah bilik Pn. Norhanani binti Mohd Yusof?,"Bilik Pn. Norhanani binti Mohd Yusof terletak di Exam Unit (L2), Aras 2, Bangunan Jabatan Teknologi Maklumat dan Komunikasi (JTMK).",Bilik Pensyarah,"norhanani binti mohd yusof, norhanani, bilik pensyarah, bilik staf, jtmk",,Where is Pn. Norhanani binti Mohd Yusof's office?,Pn. Norhanani binti Mohd Yusof的办公室在哪里？,Pn. Norhanani binti Mohd Yusof-இன் அலுவலகம் எங்கே உள்ளது?
239,"Lokasi Bilik Kelas, Makmal & Bangunan PUO",bilik_staf_mohd_hazri_bin_hasnan,Di manakah bilik En. Mohd Hazri bin Hasnan?,"Bilik En. Mohd Hazri bin Hasnan terletak di Exam Unit (L2), Aras 2, Bangunan Jabatan Teknologi Maklumat dan Komunikasi (JTMK).",Bilik Pensyarah,"mohd hazri bin hasnan, mohd hazri, bilik pensyarah, bilik staf, jtmk",,Where is En. Mohd Hazri bin Hasnan's office?,En. Mohd Hazri bin Hasnan的办公室在哪里？,En. Mohd Hazri bin Hasnan-இன் அலுவலகம் எங்கே உள்ளது?
240,"Lokasi Bilik Kelas, Makmal & Bangunan PUO",bilik_staf_jtmk_staff_room_level_3_1b,Siapa yang ada di Staff Room Level 3 (1B) JTMK?,"Staff Room Level 3 (1B) terletak di Aras 3, Bangunan Jabatan Teknologi Maklumat dan Komunikasi (JTMK). Staf di bilik ini: En. Saiful Baharin bin Hairuddin; Pn. Sharifah Nur binti Syed Ismail; Pn. Azrahayu binti Abdul Aziz.",Bilik Pensyarah,"staff room level 3 (1b), staff room, bilik staf, bilik pensyarah, jtmk",,Who is in Staff Room Level 3 (1B) at JTMK?,JTMK的Staff Room Level 3 (1B)里有哪些职员？,JTMK-இன் Staff Room Level 3 (1B)-இல் யார் உள்ளனர்?
241,"Lokasi Bilik Kelas, Makmal & Bangunan PUO",bilik_staf_saiful_baharin_bin_hairuddin,Di manakah bilik En. Saiful Baharin bin Hairuddin?,"Bilik En. Saiful Baharin bin Hairuddin terletak di Staff Room Level 3 (1B), Aras 3, Bangunan Jabatan Teknologi Maklumat dan Komunikasi (JTMK).",Bilik Pensyarah,"saiful baharin bin hairuddin, saiful baharin, bilik pensyarah, bilik staf, jtmk",,Where is En. Saiful Baharin bin Hairuddin's office?,En. Saiful Baharin bin Hairuddin的办公室在哪里？,En. Saiful Baharin bin Hairuddin-இன் அலுவலகம் எங்கே உள்ளது?
242,"Lokasi Bilik Kelas, Makmal & Bangunan PUO",bilik_staf_sharifah_nur_binti_syed_ismail,Di manakah bilik Pn. Sharifah Nur binti Syed Ismail?,"Bilik Pn. Sharifah Nur binti Syed Ismail terletak di Staff Room Level 3 (1B), Aras 3, Bangunan Jabatan Teknologi Maklumat dan Komunikasi (JTMK).",Bilik Pensyarah,"sharifah nur binti syed ismail, sharifah nur, bilik pensyarah, bilik staf, jtmk",,Where is Pn. Sharifah Nur binti Syed Ismail's office?,Pn. Sharifah Nur binti Syed Ismail的办公室在哪里？,Pn. Sharifah Nur binti Syed Ismail-இன் அலுவலகம் எங்கே உள்ளது?
243,"Lokasi Bilik Kelas, Makmal & Bangunan PUO",bilik_staf_azrahayu_binti_abdul_aziz,Di manakah bilik Pn. Azrahayu binti Abdul Aziz?,"Bilik Pn. Azrahayu binti Abdul Aziz terletak di Staff Room Level 3 (1B), Aras 3, Bangunan Jabatan Teknologi Maklumat dan Komunikasi (JTMK).",Bilik Pensyarah,"azrahayu binti abdul aziz, azrahayu, bilik pensyarah, bilik staf, jtmk",,Where is Pn. Azrahayu binti Abdul Aziz's office?,Pn. Azrahayu binti Abdul Aziz的办公室在哪里？,Pn. Azrahayu binti Abdul Aziz-இன் அலுவலகம் எங்கே உள்ளது?
244,"Lokasi Bilik Kelas, Makmal & Bangunan PUO",waktu_pejabat_jtmk,Apakah waktu pejabat JTMK?,"Waktu pejabat Jabatan Teknologi Maklumat dan Komunikasi (JTMK): Isnin hingga Khamis, 8.00 pagi – 1.00 tengah hari dan 2.00 – 5.00 petang (rehat 1.00 – 2.00 petang). Jumaat, 8.00 pagi – 12.15 tengah hari dan 2.45 – 5.00 petang (rehat 12.15 – 2.45 petang). Sabtu dan Ahad cuti mingguan.",Waktu Pejabat,"waktu pejabat jtmk, office hours, waktu operasi, buka pukul berapa, tutup pukul berapa, rehat, jumaat, jtmk",,What are the JTMK office hours?,JTMK的办公时间是什么？,JTMK அலுவலக நேரம் என்ன?
245,"Lokasi Bilik Kelas, Makmal & Bangunan PUO",bilik_bk1_dua_lokasi,Di manakah BK1?,"Terdapat dua bilik bernama BK1 di PUO: Bilik BK1 (Asasi) di Bangunan Asasi TVET, dan Bilik Kuliah BK1 (JKE) di Blok N JKE. Sila nyatakan yang mana satu.",Bilik Kelas,"bk1, bk 1, asasi, jke",,Where is BK1?,BK1在哪里？,BK1 எங்கே உள்ளது?
246,"Lokasi Bilik Kelas, Makmal & Bangunan PUO",bilik_bk4_dua_lokasi,Di manakah BK4?,"Terdapat dua bilik bernama BK4 di PUO: Bilik BK4 (Asasi) di Bangunan Asasi TVET, dan Bilik Kuliah BK4 (JKE) di Blok N JKE. Sila nyatakan yang mana satu.",Bilik Kelas,"bk4, bk 4, asasi, jke",,Where is BK4?,BK4在哪里？,BK4 எங்கே உள்ளது?
247,"Lokasi Bilik Kelas, Makmal & Bangunan PUO",bilik_bk5_dua_lokasi,Di manakah BK5?,"Terdapat dua bilik bernama BK5 di PUO: Bilik BK5 (Asasi) di Bangunan Asasi TVET, dan Bilik Kuliah BK5 (JKE) di Blok N JKE. Sila nyatakan yang mana satu.",Bilik Kelas,"bk5, bk 5, asasi, jke",,Where is BK5?,BK5在哪里？,BK5 எங்கே உள்ளது?
248,"Lokasi Bilik Kelas, Makmal & Bangunan PUO",bilik_bk6_dua_lokasi,Di manakah BK6?,"Terdapat dua bilik bernama BK6 di PUO: Bilik BK6 (Asasi) di Bangunan Asasi TVET, dan Bilik Kuliah BK6 (JKE) di Blok N JKE. Sila nyatakan yang mana satu.",Bilik Kelas,"bk6, bk 6, asasi, jke",,Where is BK6?,BK6在哪里？,BK6 எங்கே உள்ளது?
249,"Lokasi Bilik Kelas, Makmal & Bangunan PUO",bilik_pensyarah_jke_l16_l18_senarai,"Siapa pensyarah di Bilik Pensyarah L16, L17 dan L18 JKE?","Bilik Pensyarah L16, L17 dan L18, Aras 2, Blok L JKE (berhadapan Kantin/Cafe B) menempatkan Ketua Program: Diploma Kejuruteraan Elektrik & Elektronik (DEE) – Pn. Norlinda bt Mohd Yusof; Diploma Kejuruteraan Elektronik (Perhubungan) (DEP) – En. Md Razip b. Mat; Diploma Kejuruteraan Elektronik (Komputer) (DTK) – Pn. Afizah bt Abdoll Mutalib. Pensyarah: Ts. Sargunan a/l Ainal; Ts. Dr. Sivadev a/l S. Nadarajah; Subramanian a/l Sinnakanoo; Suhaimi b Saharone; Ismul Azam bin Ismail; Kamarul Mohsin bin Ahmad; Mohd Ismi Aswaly bin Hanimi; Chung Tuck Sing; Shaifol Ifrad b. Ibrahim; Umar Fahimi bin Hj. Murat; Rus Nani bt Habibi; Farah Hanim bt. Mohd Fauzi; Rosdiah bt Hamzah; Syafafwati Hanis bt Mohd Jamaai; Saadiah bt Seman; Junaida bt Shaari; Norazita binti Ibrahim; Puteri Nadia Dayanie bt. Megat Sabri; Sharmila binti Md Isa; Noorolpadzilah bt Mohd Zan.",Bilik Pensyarah,"l16, l17, l18, bilik pensyarah jke, pensyarah jke, staff room jke, dee, dep, dtk",,"Who are the lecturers in rooms L16, L17 and L18 at JKE?",JKE的L16、L17和L18讲师室有哪些讲师？,"JKE-இன் L16, L17, L18 விரிவுரையாளர் அறைகளில் யார் உள்ளனர்?"
250,"Lokasi Bilik Kelas, Makmal & Bangunan PUO",ketua_program_dee,Siapakah Ketua Program Diploma Kejuruteraan Elektrik & Elektronik (DEE)?,"Ketua Program Diploma Kejuruteraan Elektrik & Elektronik (DEE) ialah Pn. Norlinda bt Mohd Yusof. Biliknya terletak di Bilik Pensyarah L16, L17 dan L18, Aras 2, Blok L JKE (berhadapan Kantin/Cafe B).",Ketua Program,"ketua program dee, ketua program, kp, dee, elektrik dan elektronik, jke",,Who is the Head of Programme for Diploma Kejuruteraan Elektrik & Elektronik (DEE)?,Diploma Kejuruteraan Elektrik & Elektronik (DEE)的课程主任是谁？,Diploma Kejuruteraan Elektrik & Elektronik (DEE) திட்டத் தலைவர் யார்?
251,"Lokasi Bilik Kelas, Makmal & Bangunan PUO",ketua_program_dep,Siapakah Ketua Program Diploma Kejuruteraan Elektronik (Perhubungan) (DEP)?,"Ketua Program Diploma Kejuruteraan Elektronik (Perhubungan) (DEP) ialah En. Md Razip b. Mat. Biliknya terletak di Bilik Pensyarah L16, L17 dan L18, Aras 2, Blok L JKE (berhadapan Kantin/Cafe B).",Ketua Program,"ketua program dep, ketua program, kp, dep, perhubungan, komunikasi, jke",,Who is the Head of Programme for Diploma Kejuruteraan Elektronik (Perhubungan) (DEP)?,Diploma Kejuruteraan Elektronik (Perhubungan) (DEP)的课程主任是谁？,Diploma Kejuruteraan Elektronik (Perhubungan) (DEP) திட்டத் தலைவர் யார்?
252,"Lokasi Bilik Kelas, Makmal & Bangunan PUO",ketua_program_dtk,Siapakah Ketua Program Diploma Kejuruteraan Elektronik (Komputer) (DTK)?,"Ketua Program Diploma Kejuruteraan Elektronik (Komputer) (DTK) ialah Pn. Afizah bt Abdoll Mutalib. Biliknya terletak di Bilik Pensyarah L16, L17 dan L18, Aras 2, Blok L JKE (berhadapan Kantin/Cafe B).",Ketua Program,"ketua program dtk, ketua program, kp, dtk, komputer, jke",,Who is the Head of Programme for Diploma Kejuruteraan Elektronik (Komputer) (DTK)?,Diploma Kejuruteraan Elektronik (Komputer) (DTK)的课程主任是谁？,Diploma Kejuruteraan Elektronik (Komputer) (DTK) திட்டத் தலைவர் யார்?
253,"Lokasi Bilik Kelas, Makmal & Bangunan PUO",bilik_staf_norlinda_bt_mohd_yusof,Di manakah bilik Pn. Norlinda bt Mohd Yusof?,"Pn. Norlinda bt Mohd Yusof ialah pensyarah Jabatan Kejuruteraan Elektrik (JKE). Biliknya terletak di Bilik Pensyarah L16, L17 dan L18, Aras 2, Blok L JKE (berhadapan Kantin/Cafe B).",Bilik Pensyarah,"norlinda bt mohd yusof, norlinda, bilik pensyarah, jke",,Where is Pn. Norlinda bt Mohd Yusof's office?,Pn. Norlinda bt Mohd Yusof的办公室在哪里？,Pn. Norlinda bt Mohd Yusof-இன் அலுவலகம் எங்கே உள்ளது?
254,"Lokasi Bilik Kelas, Makmal & Bangunan PUO",bilik_staf_md_razip_b_mat,Di manakah bilik En. Md Razip b. Mat?,"En. Md Razip b. Mat ialah pensyarah Jabatan Kejuruteraan Elektrik (JKE). Biliknya terletak di Bilik Pensyarah L16, L17 dan L18, Aras 2, Blok L JKE (berhadapan Kantin/Cafe B).",Bilik Pensyarah,"md razip b. mat, md razip, bilik pensyarah, jke",,Where is En. Md Razip b. Mat's office?,En. Md Razip b. Mat的办公室在哪里？,En. Md Razip b. Mat-இன் அலுவலகம் எங்கே உள்ளது?
255,"Lokasi Bilik Kelas, Makmal & Bangunan PUO",bilik_staf_afizah_bt_abdoll_mutalib,Di manakah bilik Pn. Afizah bt Abdoll Mutalib?,"Pn. Afizah bt Abdoll Mutalib ialah pensyarah Jabatan Kejuruteraan Elektrik (JKE). Biliknya terletak di Bilik Pensyarah L16, L17 dan L18, Aras 2, Blok L JKE (berhadapan Kantin/Cafe B).",Bilik Pensyarah,"afizah bt abdoll mutalib, afizah, bilik pensyarah, jke",,Where is Pn. Afizah bt Abdoll Mutalib's office?,Pn. Afizah bt Abdoll Mutalib的办公室在哪里？,Pn. Afizah bt Abdoll Mutalib-இன் அலுவலகம் எங்கே உள்ளது?
256,"Lokasi Bilik Kelas, Makmal & Bangunan PUO",bilik_staf_sargunan_a_l_ainal,Di manakah bilik Ts. Sargunan a/l Ainal?,"Ts. Sargunan a/l Ainal ialah pensyarah Jabatan Kejuruteraan Elektrik (JKE). Biliknya terletak di Bilik Pensyarah L16, L17 dan L18, Aras 2, Blok L JKE (berhadapan Kantin/Cafe B).",Bilik Pensyarah,"sargunan a/l ainal, sargunan, bilik pensyarah, jke",,Where is Ts. Sargunan a/l Ainal's office?,Ts. Sargunan a/l Ainal的办公室在哪里？,Ts. Sargunan a/l Ainal-இன் அலுவலகம் எங்கே உள்ளது?
257,"Lokasi Bilik Kelas, Makmal & Bangunan PUO",bilik_staf_sivadev_a_l_s_nadarajah,Di manakah bilik Ts. Dr. Sivadev a/l S. Nadarajah?,"Ts. Dr. Sivadev a/l S. Nadarajah ialah pensyarah Jabatan Kejuruteraan Elektrik (JKE). Biliknya terletak di Bilik Pensyarah L16, L17 dan L18, Aras 2, Blok L JKE (berhadapan Kantin/Cafe B).",Bilik Pensyarah,"sivadev a/l s. nadarajah, sivadev, bilik pensyarah, jke",,Where is Ts. Dr. Sivadev a/l S. Nadarajah's office?,Ts. Dr. Sivadev a/l S. Nadarajah的办公室在哪里？,Ts. Dr. Sivadev a/l S. Nadarajah-இன் அலுவலகம் எங்கே உள்ளது?
258,"Lokasi Bilik Kelas, Makmal & Bangunan PUO",bilik_staf_subramanian_a_l_sinnakanoo,Di manakah bilik Subramanian a/l Sinnakanoo?,"Subramanian a/l Sinnakanoo ialah pensyarah Jabatan Kejuruteraan Elektrik (JKE). Biliknya terletak di Bilik Pensyarah L16, L17 dan L18, Aras 2, Blok L JKE (berhadapan Kantin/Cafe B).",Bilik Pensyarah,"subramanian a/l sinnakanoo, subramanian, bilik pensyarah, jke",,Where is Subramanian a/l Sinnakanoo's office?,Subramanian a/l Sinnakanoo的办公室在哪里？,Subramanian a/l Sinnakanoo-இன் அலுவலகம் எங்கே உள்ளது?
259,"Lokasi Bilik Kelas, Makmal & Bangunan PUO",bilik_staf_suhaimi_b_saharone,Di manakah bilik Suhaimi b Saharone?,"Suhaimi b Saharone ialah pensyarah Jabatan Kejuruteraan Elektrik (JKE). Biliknya terletak di Bilik Pensyarah L16, L17 dan L18, Aras 2, Blok L JKE (berhadapan Kantin/Cafe B).",Bilik Pensyarah,"suhaimi b saharone, suhaimi, bilik pensyarah, jke",,Where is Suhaimi b Saharone's office?,Suhaimi b Saharone的办公室在哪里？,Suhaimi b Saharone-இன் அலுவலகம் எங்கே உள்ளது?
260,"Lokasi Bilik Kelas, Makmal & Bangunan PUO",bilik_staf_ismul_azam_bin_ismail,Di manakah bilik Ismul Azam bin Ismail?,"Ismul Azam bin Ismail ialah pensyarah Jabatan Kejuruteraan Elektrik (JKE). Biliknya terletak di Bilik Pensyarah L16, L17 dan L18, Aras 2, Blok L JKE (berhadapan Kantin/Cafe B).",Bilik Pensyarah,"ismul azam bin ismail, ismul azam, bilik pensyarah, jke",,Where is Ismul Azam bin Ismail's office?,Ismul Azam bin Ismail的办公室在哪里？,Ismul Azam bin Ismail-இன் அலுவலகம் எங்கே உள்ளது?
261,"Lokasi Bilik Kelas, Makmal & Bangunan PUO",bilik_staf_kamarul_mohsin_bin_ahmad,Di manakah bilik Kamarul Mohsin bin Ahmad?,"Kamarul Mohsin bin Ahmad ialah pensyarah Jabatan Kejuruteraan Elektrik (JKE). Biliknya terletak di Bilik Pensyarah L16, L17 dan L18, Aras 2, Blok L JKE (berhadapan Kantin/Cafe B).",Bilik Pensyarah,"kamarul mohsin bin ahmad, kamarul mohsin, bilik pensyarah, jke",,Where is Kamarul Mohsin bin Ahmad's office?,Kamarul Mohsin bin Ahmad的办公室在哪里？,Kamarul Mohsin bin Ahmad-இன் அலுவலகம் எங்கே உள்ளது?
262,"Lokasi Bilik Kelas, Makmal & Bangunan PUO",bilik_staf_mohd_ismi_aswaly_bin_hanimi,Di manakah bilik Mohd Ismi Aswaly bin Hanimi?,"Mohd Ismi Aswaly bin Hanimi ialah pensyarah Jabatan Kejuruteraan Elektrik (JKE). Biliknya terletak di Bilik Pensyarah L16, L17 dan L18, Aras 2, Blok L JKE (berhadapan Kantin/Cafe B).",Bilik Pensyarah,"mohd ismi aswaly bin hanimi, mohd ismi aswaly, bilik pensyarah, jke",,Where is Mohd Ismi Aswaly bin Hanimi's office?,Mohd Ismi Aswaly bin Hanimi的办公室在哪里？,Mohd Ismi Aswaly bin Hanimi-இன் அலுவலகம் எங்கே உள்ளது?
263,"Lokasi Bilik Kelas, Makmal & Bangunan PUO",bilik_staf_chung_tuck_sing,Di manakah bilik Chung Tuck Sing?,"Chung Tuck Sing ialah pensyarah Jabatan Kejuruteraan Elektrik (JKE). Biliknya terletak di Bilik Pensyarah L16, L17 dan L18, Aras 2, Blok L JKE (berhadapan Kantin/Cafe B).",Bilik Pensyarah,"chung tuck sing, chung tuck sing, bilik pensyarah, jke",,Where is Chung Tuck Sing's office?,Chung Tuck Sing的办公室在哪里？,Chung Tuck Sing-இன் அலுவலகம் எங்கே உள்ளது?
264,"Lokasi Bilik Kelas, Makmal & Bangunan PUO",bilik_staf_shaifol_ifrad_b_ibrahim,Di manakah bilik Shaifol Ifrad b. Ibrahim?,"Shaifol Ifrad b. Ibrahim ialah pensyarah Jabatan Kejuruteraan Elektrik (JKE). Biliknya terletak di Bilik Pensyarah L16, L17 dan L18, Aras 2, Blok L JKE (berhadapan Kantin/Cafe B).",Bilik Pensyarah,"shaifol ifrad b. ibrahim, shaifol ifrad, bilik pensyarah, jke",,Where is Shaifol Ifrad b. Ibrahim's office?,Shaifol Ifrad b. Ibrahim的办公室在哪里？,Shaifol Ifrad b. Ibrahim-இன் அலுவலகம் எங்கே உள்ளது?
265,"Lokasi Bilik Kelas, Makmal & Bangunan PUO",bilik_staf_umar_fahimi_bin_hj_murat,Di manakah bilik Umar Fahimi bin Hj. Murat?,"Umar Fahimi bin Hj. Murat ialah pensyarah Jabatan Kejuruteraan Elektrik (JKE). Biliknya terletak di Bilik Pensyarah L16, L17 dan L18, Aras 2, Blok L JKE (berhadapan Kantin/Cafe B).",Bilik Pensyarah,"umar fahimi bin hj. murat, umar fahimi, bilik pensyarah, jke",,Where is Umar Fahimi bin Hj. Murat's office?,Umar Fahimi bin Hj. Murat的办公室在哪里？,Umar Fahimi bin Hj. Murat-இன் அலுவலகம் எங்கே உள்ளது?
266,"Lokasi Bilik Kelas, Makmal & Bangunan PUO",bilik_staf_rus_nani_bt_habibi,Di manakah bilik Rus Nani bt Habibi?,"Rus Nani bt Habibi ialah pensyarah Jabatan Kejuruteraan Elektrik (JKE). Biliknya terletak di Bilik Pensyarah L16, L17 dan L18, Aras 2, Blok L JKE (berhadapan Kantin/Cafe B).",Bilik Pensyarah,"rus nani bt habibi, rus nani, bilik pensyarah, jke",,Where is Rus Nani bt Habibi's office?,Rus Nani bt Habibi的办公室在哪里？,Rus Nani bt Habibi-இன் அலுவலகம் எங்கே உள்ளது?
267,"Lokasi Bilik Kelas, Makmal & Bangunan PUO",bilik_staf_farah_hanim_bt_mohd_fauzi,Di manakah bilik Farah Hanim bt. Mohd Fauzi?,"Farah Hanim bt. Mohd Fauzi ialah pensyarah Jabatan Kejuruteraan Elektrik (JKE). Biliknya terletak di Bilik Pensyarah L16, L17 dan L18, Aras 2, Blok L JKE (berhadapan Kantin/Cafe B).",Bilik Pensyarah,"farah hanim bt. mohd fauzi, farah hanim, bilik pensyarah, jke",,Where is Farah Hanim bt. Mohd Fauzi's office?,Farah Hanim bt. Mohd Fauzi的办公室在哪里？,Farah Hanim bt. Mohd Fauzi-இன் அலுவலகம் எங்கே உள்ளது?
268,"Lokasi Bilik Kelas, Makmal & Bangunan PUO",bilik_staf_rosdiah_bt_hamzah,Di manakah bilik Rosdiah bt Hamzah?,"Rosdiah bt Hamzah ialah pensyarah Jabatan Kejuruteraan Elektrik (JKE). Biliknya terletak di Bilik Pensyarah L16, L17 dan L18, Aras 2, Blok L JKE (berhadapan Kantin/Cafe B).",Bilik Pensyarah,"rosdiah bt hamzah, rosdiah, bilik pensyarah, jke",,Where is Rosdiah bt Hamzah's office?,Rosdiah bt Hamzah的办公室在哪里？,Rosdiah bt Hamzah-இன் அலுவலகம் எங்கே உள்ளது?
269,"Lokasi Bilik Kelas, Makmal & Bangunan PUO",bilik_staf_syafafwati_hanis_bt_mohd_jamaai,Di manakah bilik Syafafwati Hanis bt Mohd Jamaai?,"Syafafwati Hanis bt Mohd Jamaai ialah pensyarah Jabatan Kejuruteraan Elektrik (JKE). Biliknya terletak di Bilik Pensyarah L16, L17 dan L18, Aras 2, Blok L JKE (berhadapan Kantin/Cafe B).",Bilik Pensyarah,"syafafwati hanis bt mohd jamaai, syafafwati hanis, bilik pensyarah, jke",,Where is Syafafwati Hanis bt Mohd Jamaai's office?,Syafafwati Hanis bt Mohd Jamaai的办公室在哪里？,Syafafwati Hanis bt Mohd Jamaai-இன் அலுவலகம் எங்கே உள்ளது?
270,"Lokasi Bilik Kelas, Makmal & Bangunan PUO",bilik_staf_saadiah_bt_seman,Di manakah bilik Saadiah bt Seman?,"Saadiah bt Seman ialah pensyarah Jabatan Kejuruteraan Elektrik (JKE). Biliknya terletak di Bilik Pensyarah L16, L17 dan L18, Aras 2, Blok L JKE (berhadapan Kantin/Cafe B).",Bilik Pensyarah,"saadiah bt seman, saadiah, bilik pensyarah, jke",,Where is Saadiah bt Seman's office?,Saadiah bt Seman的办公室在哪里？,Saadiah bt Seman-இன் அலுவலகம் எங்கே உள்ளது?
271,"Lokasi Bilik Kelas, Makmal & Bangunan PUO",bilik_staf_junaida_bt_shaari,Di manakah bilik Junaida bt Shaari?,"Junaida bt Shaari ialah pensyarah Jabatan Kejuruteraan Elektrik (JKE). Biliknya terletak di Bilik Pensyarah L16, L17 dan L18, Aras 2, Blok L JKE (berhadapan Kantin/Cafe B).",Bilik Pensyarah,"junaida bt shaari, junaida, bilik pensyarah, jke",,Where is Junaida bt Shaari's office?,Junaida bt Shaari的办公室在哪里？,Junaida bt Shaari-இன் அலுவலகம் எங்கே உள்ளது?
272,"Lokasi Bilik Kelas, Makmal & Bangunan PUO",bilik_staf_norazita_binti_ibrahim,Di manakah bilik Norazita binti Ibrahim?,"Norazita binti Ibrahim ialah pensyarah Jabatan Kejuruteraan Elektrik (JKE). Biliknya terletak di Bilik Pensyarah L16, L17 dan L18, Aras 2, Blok L JKE (berhadapan Kantin/Cafe B).",Bilik Pensyarah,"norazita binti ibrahim, norazita, bilik pensyarah, jke",,Where is Norazita binti Ibrahim's office?,Norazita binti Ibrahim的办公室在哪里？,Norazita binti Ibrahim-இன் அலுவலகம் எங்கே உள்ளது?
273,"Lokasi Bilik Kelas, Makmal & Bangunan PUO",bilik_staf_puteri_nadia_dayanie_bt_megat_sabri,Di manakah bilik Puteri Nadia Dayanie bt. Megat Sabri?,"Puteri Nadia Dayanie bt. Megat Sabri ialah pensyarah Jabatan Kejuruteraan Elektrik (JKE). Biliknya terletak di Bilik Pensyarah L16, L17 dan L18, Aras 2, Blok L JKE (berhadapan Kantin/Cafe B).",Bilik Pensyarah,"puteri nadia dayanie bt. megat sabri, puteri nadia dayanie, bilik pensyarah, jke",,Where is Puteri Nadia Dayanie bt. Megat Sabri's office?,Puteri Nadia Dayanie bt. Megat Sabri的办公室在哪里？,Puteri Nadia Dayanie bt. Megat Sabri-இன் அலுவலகம் எங்கே உள்ளது?
274,"Lokasi Bilik Kelas, Makmal & Bangunan PUO",bilik_staf_sharmila_binti_md_isa,Di manakah bilik Sharmila binti Md Isa?,"Sharmila binti Md Isa ialah pensyarah Jabatan Kejuruteraan Elektrik (JKE). Biliknya terletak di Bilik Pensyarah L16, L17 dan L18, Aras 2, Blok L JKE (berhadapan Kantin/Cafe B).",Bilik Pensyarah,"sharmila binti md isa, sharmila, bilik pensyarah, jke",,Where is Sharmila binti Md Isa's office?,Sharmila binti Md Isa的办公室在哪里？,Sharmila binti Md Isa-இன் அலுவலகம் எங்கே உள்ளது?
275,"Lokasi Bilik Kelas, Makmal & Bangunan PUO",bilik_staf_noorolpadzilah_bt_mohd_zan,Di manakah bilik Noorolpadzilah bt Mohd Zan?,"Noorolpadzilah bt Mohd Zan ialah pensyarah Jabatan Kejuruteraan Elektrik (JKE). Biliknya terletak di Bilik Pensyarah L16, L17 dan L18, Aras 2, Blok L JKE (berhadapan Kantin/Cafe B).",Bilik Pensyarah,"noorolpadzilah bt mohd zan, noorolpadzilah, bilik pensyarah, jke",,Where is Noorolpadzilah bt Mohd Zan's office?,Noorolpadzilah bt Mohd Zan的办公室在哪里？,Noorolpadzilah bt Mohd Zan-இன் அலுவலகம் எங்கே உள்ளது?
276,"Lokasi Bilik Kelas, Makmal & Bangunan PUO",waktu_unit_psikologi_kampus_b,Apakah waktu perkhidmatan Unit Psikologi di Kampus B?,"Waktu perkhidmatan Unit Psikologi (Unit Pengurusan Psikologi) di Kampus B: Isnin hingga Khamis, 8.00 pagi – 5.00 petang (rehat 1.00 – 2.00 tengah hari). Jumaat, 8.00 pagi – 5.00 petang (rehat 12.15 – 2.45 petang). Sabtu, Ahad dan hari kelepasan am: tutup.",Waktu Pejabat,"unit psikologi, unit pengurusan psikologi, psychology unit, kaunseling, kaunselor, counselling, waktu kaunseling, kampus b",,What are the operating hours of the Psychology Unit at Campus B?,B校区心理辅导单位的服务时间是什么？,வளாகம் B உளவியல் பிரிவின் சேவை நேரம் என்ன?
277,"Lokasi Bilik Kelas, Makmal & Bangunan PUO",senarai_kemudahan_kampus_b,Apakah kemudahan dan unit yang ada di Kampus B?,"Antara kemudahan dan unit di Kampus B: Unit Pengurusan Psikologi (Unit Psikologi Kampus B), Unit Penilaian dan Peperiksaan, Unit Zakat dan Wakaf, Unit Kenderaan, Bilik STEM (Asasi), Koperasi PUO (buka 8 pagi hingga 5 petang), Bilik Kreatif, Bilik Keterampilan, Bilik Perkasa, Bilik Waja, Bilik Karisma, Bilik Dinamik, PolyBiz Mall, Koop Parcel, Bilik Keusahawanan PUO, Pusat Kitar Semula, kemudahan sukan (padang hoki dan gelanggang bola tampar). Kampus B juga menempatkan Blok J, Bangunan Seni Bina (JKA), bangunan bilik kuliah M (hadapan PolyBiz Mall) dan Surau Kampus B.",Senarai Lokasi,"kampus b, kemudahan kampus b, unit, koperasi, polybiz mall, koop parcel, kitar semula, bilik kreatif, bilik waja, bilik karisma, peperiksaan, zakat, kenderaan",,What facilities and units are there at Campus B?,B校区有哪些设施和单位？,வளாகம் B-இல் என்ன வசதிகள் மற்றும் பிரிவுகள் உள்ளன?
